#
# A fatal error has been detected by the Java Runtime Environment:
#
#  SIGSEGV (0xb) at pc=0x00007f403cf6a73a, pid=171974, tid=171975
#
# JRE version: OpenJDK Runtime Environment (21.0.11+10) (build 21.0.11+10)
# Java VM: OpenJDK 64-Bit Server VM (21.0.11+10, mixed mode, sharing, tiered, compressed oops, compressed class ptrs, g1 gc, linux-amd64)
# Problematic frame:
# C  [libgtk-3.so.0+0x36a73a]  gtk_widget_get_style_context+0x2a
#
# Core dump will be written. Default location: Core dumps may be processed with "/usr/lib/systemd/systemd-coredump %P %u %g %s %t %c %h %d %F" (or dumping to /home/bryanmax9/Desktop/Private-Dining-Finder-Challenge/supabase/migrations/core.171974)
#
# If you would like to submit a bug report, please visit:
#   https://bugreport.java.com/bugreport/crash.jsp
# The crash happened outside the Java Virtual Machine in native code.
# See problematic frame for where to report the bug.
#

---------------  S U M M A R Y ------------

Command Line: -XX:+IgnoreUnrecognizedVMOptions -Dosgi.requiredJavaVersion=21 -Dfile.encoding=UTF-8 --add-modules=ALL-DEFAULT --add-opens=java.base/java.io=ALL-UNNAMED --add-opens=java.base/java.lang=ALL-UNNAMED --add-opens=java.base/java.lang.reflect=ALL-UNNAMED --add-opens=java.base/java.net=ALL-UNNAMED --add-opens=java.base/java.nio=ALL-UNNAMED --add-opens=java.base/java.nio.charset=ALL-UNNAMED --add-opens=java.base/java.text=ALL-UNNAMED --add-opens=java.base/java.time=ALL-UNNAMED --add-opens=java.base/java.util=ALL-UNNAMED --add-opens=java.base/java.util.concurrent=ALL-UNNAMED --add-opens=java.base/java.util.concurrent.atomic=ALL-UNNAMED --add-opens=java.base/jdk.internal.vm=ALL-UNNAMED --add-opens=java.base/jdk.internal.misc=ALL-UNNAMED --add-opens=java.base/sun.nio.ch=ALL-UNNAMED --add-opens=java.base/sun.nio.fs=ALL-UNNAMED --add-opens=java.base/sun.security.ssl=ALL-UNNAMED --add-opens=java.base/sun.security.action=ALL-UNNAMED --add-opens=java.base/sun.security.util=ALL-UNNAMED --add-opens=java.security.jgss/sun.security.jgss=ALL-UNNAMED --add-opens=java.security.jgss/sun.security.krb5=ALL-UNNAMED --add-opens=java.desktop/java.awt=ALL-UNNAMED --add-opens=java.desktop/java.awt.peer=ALL-UNNAMED --add-opens=java.sql/java.sql=ALL-UNNAMED -Xms64m -Xmx1024m /usr/lib/dbeaver//plugins/org.eclipse.equinox.launcher_1.7.100.v20251111-0406.jar -os linux -ws gtk -arch x86_64 -showsplash -launcher /usr/lib/dbeaver/dbeaver -name Dbeaver --launcher.library /usr/lib/dbeaver//plugins/org.eclipse.equinox.launcher.gtk.linux.x86_64_1.2.1500.v20250801-0854/eclipse_11916.so -startup /usr/lib/dbeaver//plugins/org.eclipse.equinox.launcher_1.7.100.v20251111-0406.jar --launcher.overrideVmargs -exitdata 18014 /home/bryanmax9/Desktop/Private-Dining-Finder-Challenge/supabase/migrations/0001_init.sql -vm /usr/bin/java -vmargs -XX:+IgnoreUnrecognizedVMOptions -Dosgi.requiredJavaVersion=21 -Dfile.encoding=UTF-8 --add-modules=ALL-DEFAULT --add-opens=java.base/java.io=ALL-UNNAMED --add-opens=java.base/java.lang=ALL-UNNAMED --add-opens=java.base/java.lang.reflect=ALL-UNNAMED --add-opens=java.base/java.net=ALL-UNNAMED --add-opens=java.base/java.nio=ALL-UNNAMED --add-opens=java.base/java.nio.charset=ALL-UNNAMED --add-opens=java.base/java.text=ALL-UNNAMED --add-opens=java.base/java.time=ALL-UNNAMED --add-opens=java.base/java.util=ALL-UNNAMED --add-opens=java.base/java.util.concurrent=ALL-UNNAMED --add-opens=java.base/java.util.concurrent.atomic=ALL-UNNAMED --add-opens=java.base/jdk.internal.vm=ALL-UNNAMED --add-opens=java.base/jdk.internal.misc=ALL-UNNAMED --add-opens=java.base/sun.nio.ch=ALL-UNNAMED --add-opens=java.base/sun.nio.fs=ALL-UNNAMED --add-opens=java.base/sun.security.ssl=ALL-UNNAMED --add-opens=java.base/sun.security.action=ALL-UNNAMED --add-opens=java.base/sun.security.util=ALL-UNNAMED --add-opens=java.security.jgss/sun.security.jgss=ALL-UNNAMED --add-opens=java.security.jgss/sun.security.krb5=ALL-UNNAMED --add-opens=java.desktop/java.awt=ALL-UNNAMED --add-opens=java.desktop/java.awt.peer=ALL-UNNAMED --add-opens=java.sql/java.sql=ALL-UNNAMED -Xms64m -Xmx1024m -jar /usr/lib/dbeaver//plugins/org.eclipse.equinox.launcher_1.7.100.v20251111-0406.jar

Host: Intel(R) Core(TM) i7-8565U CPU @ 1.80GHz, 8 cores, 11G, Arch Linux
Time: Fri Jul 24 19:51:15 2026 EDT elapsed time: 11.651854 seconds (0d 0h 0m 11s)

---------------  T H R E A D  ---------------

Current thread (0x00007f406401d2b0):  JavaThread "main"             [_thread_in_native, id=171975, stack(0x00007f406c300000,0x00007f406c400000) (1024K)]

Stack: [0x00007f406c300000,0x00007f406c400000],  sp=0x00007f406c3fa780,  free space=1001k
Native frames: (J=compiled Java code, j=interpreted, Vv=VM code, C=native code)
C  [libgtk-3.so.0+0x36a73a]  gtk_widget_get_style_context+0x2a
C  [libswt-pi3-gtk-4972r7.so+0x49d08]  Java_org_eclipse_swt_internal_gtk_GTK_gtk_1widget_1get_1style_1context+0xc
j  org.eclipse.swt.widgets.Display.initializeSystemColors()V+27
J 9951 c1 org.eclipse.swt.widgets.Display.runSettings()Z (76 bytes) @ 0x00007f404d61f074 [0x00007f404d61ef60+0x0000000000000114]
J 9823 c1 org.eclipse.swt.widgets.Display.readAndDispatch()Z (88 bytes) @ 0x00007f404d5d673c [0x00007f404d5d65e0+0x000000000000015c]
j  org.eclipse.jface.operation.ModalContext$ModalContextThread.block()V+19
j  org.eclipse.jface.operation.ModalContext.run(Lorg/eclipse/jface/operation/IRunnableWithProgress;ZLorg/eclipse/core/runtime/IProgressMonitor;Lorg/eclipse/swt/widgets/Display;)V+126
j  org.eclipse.jface.wizard.WizardDialog.run(ZZLorg/eclipse/jface/operation/IRunnableWithProgress;)V+78
j  org.jkiss.dbeaver.runtime.RunnableContextDelegate.run(ZZLorg/jkiss/dbeaver/model/runtime/DBRRunnableWithProgress;)V+12
j  org.jkiss.dbeaver.ui.dialogs.driver.DriverDependenciesTree.loadLibDependencies()Z+23
j  org.jkiss.dbeaver.ui.dialogs.driver.DriverDownloadAutoPage.resolveLibraries()V+4
j  org.jkiss.dbeaver.ui.dialogs.driver.DriverDownloadWizard.pageActivated(Ljava/lang/Object;)V+4
j  org.jkiss.dbeaver.ui.dialogs.driver.DriverDownloadDialog.lambda$new$1(Lorg/eclipse/jface/dialogs/PageChangedEvent;)V+8
j  org.jkiss.dbeaver.ui.dialogs.driver.DriverDownloadDialog$$Lambda+0x00007f3ff09a5cc0.run()V+8
J 10465 c1 org.eclipse.swt.widgets.RunnableLock.run(Lorg/eclipse/swt/widgets/Display;)V (50 bytes) @ 0x00007f404d7144ac [0x00007f404d714360+0x000000000000014c]
J 10525 c1 org.eclipse.swt.widgets.Synchronizer.runAsyncMessages(Z)Z (188 bytes) @ 0x00007f404d730f24 [0x00007f404d730b60+0x00000000000003c4]
J 9823 c1 org.eclipse.swt.widgets.Display.readAndDispatch()Z (88 bytes) @ 0x00007f404d5d69ec [0x00007f404d5d65e0+0x000000000000040c]
j  org.eclipse.jface.window.Window.runEventLoop(Lorg/eclipse/swt/widgets/Shell;)V+9
j  org.eclipse.jface.window.Window.open()I+60
j  org.jkiss.dbeaver.ui.app.standalone.DBeaverApplication.notifyVersionUpgrade(Lorg/osgi/framework/Version;Lorg/jkiss/dbeaver/registry/updater/VersionDescriptor;Z)V+27
j  org.jkiss.dbeaver.ui.app.standalone.update.DBeaverVersionChecker.lambda$showUpdaterDialog$0(Lorg/osgi/framework/Version;Lorg/jkiss/dbeaver/registry/updater/VersionDescriptor;)V+17
j  org.jkiss.dbeaver.ui.app.standalone.update.DBeaverVersionChecker$$Lambda+0x00007f3ff08c92f8.run()V+12
J 10465 c1 org.eclipse.swt.widgets.RunnableLock.run(Lorg/eclipse/swt/widgets/Display;)V (50 bytes) @ 0x00007f404d7144ac [0x00007f404d714360+0x000000000000014c]
J 10525 c1 org.eclipse.swt.widgets.Synchronizer.runAsyncMessages(Z)Z (188 bytes) @ 0x00007f404d730f24 [0x00007f404d730b60+0x00000000000003c4]
J 9823 c1 org.eclipse.swt.widgets.Display.readAndDispatch()Z (88 bytes) @ 0x00007f404d5d69ec [0x00007f404d5d65e0+0x000000000000040c]
j  org.eclipse.jface.window.Window.runEventLoop(Lorg/eclipse/swt/widgets/Shell;)V+9
j  org.eclipse.jface.window.Window.open()I+60
j  org.jkiss.dbeaver.ui.dialogs.driver.DriverDownloadDialog.downloadDriverFiles(Lorg/eclipse/swt/widgets/Shell;Lorg/jkiss/dbeaver/model/connection/DBPDriver;Lorg/jkiss/dbeaver/model/connection/DBPDriverDependencies;ZZ)Z+49
j  org.jkiss.dbeaver.ui.dialogs.driver.DriverDownloadDialog.downloadDriverFiles(Lorg/eclipse/swt/widgets/Shell;Lorg/jkiss/dbeaver/model/connection/DBPDriver;Lorg/jkiss/dbeaver/model/connection/DBPDriverDependencies;Z)Z+5
j  org.jkiss.dbeaver.ui.actions.datasource.UIServiceDriversImpl$1.runTask()Ljava/lang/Boolean;+13
j  org.jkiss.dbeaver.ui.actions.datasource.UIServiceDriversImpl$1.runTask()Ljava/lang/Object;+1
j  org.jkiss.dbeaver.ui.UITask.runWithResult()Ljava/lang/Object;+1
j  org.jkiss.dbeaver.model.runtime.RunnableWithResult.run()V+2
j  org.eclipse.ui.internal.PendingSyncExec.run()V+15
j  org.eclipse.ui.internal.UILockListener.doPendingWork()V+18
j  org.eclipse.ui.internal.UISynchronizer$$Lambda+0x00007f3ff06b5a58.run()V+4
J 10465 c1 org.eclipse.swt.widgets.RunnableLock.run(Lorg/eclipse/swt/widgets/Display;)V (50 bytes) @ 0x00007f404d7144ac [0x00007f404d714360+0x000000000000014c]
J 10525 c1 org.eclipse.swt.widgets.Synchronizer.runAsyncMessages(Z)Z (188 bytes) @ 0x00007f404d730f24 [0x00007f404d730b60+0x00000000000003c4]
J 9823 c1 org.eclipse.swt.widgets.Display.readAndDispatch()Z (88 bytes) @ 0x00007f404d5d69ec [0x00007f404d5d65e0+0x000000000000040c]
j  org.eclipse.jface.window.Window.runEventLoop(Lorg/eclipse/swt/widgets/Shell;)V+9
j  org.eclipse.jface.window.Window.open()I+60
j  org.eclipse.jface.dialogs.MessageDialog.open()I+7
j  org.jkiss.dbeaver.ui.dialogs.ConfirmationDialog.open(IILorg/eclipse/swt/widgets/Shell;Ljava/lang/String;Ljava/lang/String;Ljava/lang/String;ZLjava/lang/String;Ljava/lang/String;Ljava/lang/String;)I+144
j  org.jkiss.dbeaver.ui.dialogs.ConfirmationDialog.confirmAction(Lorg/eclipse/swt/widgets/Shell;ILjava/lang/String;ILjava/lang/String;[Ljava/lang/Object;)I+127
j  org.jkiss.dbeaver.ui.dialogs.ConfirmationDialog.confirmAction(Lorg/eclipse/swt/widgets/Shell;ILjava/lang/String;I[Ljava/lang/Object;)I+7
j  org.jkiss.dbeaver.ui.dialogs.ConfirmationDialog.confirmAction(Lorg/eclipse/swt/widgets/Shell;Ljava/lang/String;I[Ljava/lang/Object;)I+5
j  org.jkiss.dbeaver.ui.app.standalone.ApplicationWorkbenchAdvisor.closeOpenEditors(Lorg/eclipse/ui/IWorkbenchWindow;ZZ)Z+37
j  org.jkiss.dbeaver.ui.app.standalone.ApplicationWorkbenchAdvisor.saveAndCleanup()Z+66
j  org.jkiss.dbeaver.ui.app.standalone.ApplicationWorkbenchAdvisor.preShutdown()Z+1
j  org.eclipse.ui.internal.Workbench.busyClose(Z)Z+5
j  org.eclipse.ui.internal.Workbench.lambda$6([ZZ)V+4
j  org.eclipse.ui.internal.Workbench$$Lambda+0x00007f3ff085aa18.run()V+12
j  org.eclipse.swt.custom.BusyIndicator.showWhile(Lorg/eclipse/swt/widgets/Display;Ljava/lang/Runnable;)V+33
j  org.eclipse.ui.internal.Workbench.close(IZ)Z+35
j  org.eclipse.ui.internal.Workbench.close()Z+3
j  org.eclipse.ui.internal.WorkbenchWindow.busyClose(Z)Z+121
j  org.eclipse.ui.internal.WorkbenchWindow.lambda$5([ZZ)V+4
j  org.eclipse.ui.internal.WorkbenchWindow$$Lambda+0x00007f3ff085a7f0.run()V+12
j  org.eclipse.swt.custom.BusyIndicator.showWhile(Lorg/eclipse/swt/widgets/Display;Ljava/lang/Runnable;)V+33
j  org.eclipse.ui.internal.WorkbenchWindow.close(Z)Z+13
j  org.eclipse.ui.internal.WorkbenchWindow.close()Z+2
j  org.eclipse.ui.internal.WorkbenchWindow.lambda$2(Lorg/eclipse/e4/ui/model/application/ui/basic/MWindow;)Z+11
j  org.eclipse.ui.internal.WorkbenchWindow$$Lambda+0x00007f3ff05aa7b8.close(Lorg/eclipse/e4/ui/model/application/ui/basic/MWindow;)Z+5
j  org.eclipse.e4.ui.workbench.renderers.swt.WBWRenderer.lambda$4(Lorg/eclipse/swt/events/ShellEvent;)V+43
j  org.eclipse.e4.ui.workbench.renderers.swt.WBWRenderer$$Lambda+0x00007f3ff058c6a0.accept(Ljava/lang/Object;)V+8
j  org.eclipse.swt.events.ShellListener$2.shellClosed(Lorg/eclipse/swt/events/ShellEvent;)V+5
j  org.eclipse.swt.widgets.TypedListener.handleEvent(Lorg/eclipse/swt/widgets/Event;)V+279
J 8985 c1 org.eclipse.swt.widgets.EventTable.sendEvent(Lorg/eclipse/swt/widgets/Event;)V (619 bytes) @ 0x00007f404c5e9154 [0x00007f404c5e8fc0+0x0000000000000194]
J 8313 c1 org.eclipse.swt.widgets.Display.sendEvent(Lorg/eclipse/swt/widgets/EventTable;Lorg/eclipse/swt/widgets/Event;)V (34 bytes) @ 0x00007f404d3517d4 [0x00007f404d3515a0+0x0000000000000234]
J 8667 c1 org.eclipse.swt.widgets.Widget.sendEvent(ILorg/eclipse/swt/widgets/Event;Z)V (88 bytes) @ 0x00007f404d42b804 [0x00007f404d42b2c0+0x0000000000000544]
j  org.eclipse.swt.widgets.Widget.sendEvent(ILorg/eclipse/swt/widgets/Event;)V+4
j  org.eclipse.swt.widgets.Shell.closeWidget()V+12
j  org.eclipse.swt.widgets.Shell.gtk_delete_event(JJ)J+8
J 9250 c1 org.eclipse.swt.widgets.Widget.windowProc(JJJ)J (459 bytes) @ 0x00007f404d489d14 [0x00007f404d488240+0x0000000000001ad4]
J 9377 c1 org.eclipse.swt.widgets.Control.windowProc(JJJ)J (285 bytes) @ 0x00007f404d4fea04 [0x00007f404d4fe060+0x00000000000009a4]
J 8902 c1 org.eclipse.swt.widgets.Display.windowProc(JJJ)J (24 bytes) @ 0x00007f404c5fc40c [0x00007f404c5fc260+0x00000000000001ac]
v  ~StubRoutines::call_stub 0x00007f4053937cc6
V  [libjvm.so+0x6c776a]
V  [libjvm.so+0x77215f]
V  [libjvm.so+0x7741d0]
Java frames: (J=compiled Java code, j=interpreted, Vv=VM code)
J 7665  org.eclipse.swt.internal.gtk.GTK.gtk_widget_get_style_context(J)J (0 bytes) @ 0x00007f40542efe79 [0x00007f40542efe20+0x0000000000000059]
j  org.eclipse.swt.widgets.Display.initializeSystemColors()V+27
J 9951 c1 org.eclipse.swt.widgets.Display.runSettings()Z (76 bytes) @ 0x00007f404d61f074 [0x00007f404d61ef60+0x0000000000000114]
J 9823 c1 org.eclipse.swt.widgets.Display.readAndDispatch()Z (88 bytes) @ 0x00007f404d5d673c [0x00007f404d5d65e0+0x000000000000015c]
j  org.eclipse.jface.operation.ModalContext$ModalContextThread.block()V+19
j  org.eclipse.jface.operation.ModalContext.run(Lorg/eclipse/jface/operation/IRunnableWithProgress;ZLorg/eclipse/core/runtime/IProgressMonitor;Lorg/eclipse/swt/widgets/Display;)V+126
j  org.eclipse.jface.wizard.WizardDialog.run(ZZLorg/eclipse/jface/operation/IRunnableWithProgress;)V+78
j  org.jkiss.dbeaver.runtime.RunnableContextDelegate.run(ZZLorg/jkiss/dbeaver/model/runtime/DBRRunnableWithProgress;)V+12
j  org.jkiss.dbeaver.ui.dialogs.driver.DriverDependenciesTree.loadLibDependencies()Z+23
j  org.jkiss.dbeaver.ui.dialogs.driver.DriverDownloadAutoPage.resolveLibraries()V+4
j  org.jkiss.dbeaver.ui.dialogs.driver.DriverDownloadWizard.pageActivated(Ljava/lang/Object;)V+4
j  org.jkiss.dbeaver.ui.dialogs.driver.DriverDownloadDialog.lambda$new$1(Lorg/eclipse/jface/dialogs/PageChangedEvent;)V+8
j  org.jkiss.dbeaver.ui.dialogs.driver.DriverDownloadDialog$$Lambda+0x00007f3ff09a5cc0.run()V+8
J 10465 c1 org.eclipse.swt.widgets.RunnableLock.run(Lorg/eclipse/swt/widgets/Display;)V (50 bytes) @ 0x00007f404d7144ac [0x00007f404d714360+0x000000000000014c]
J 10525 c1 org.eclipse.swt.widgets.Synchronizer.runAsyncMessages(Z)Z (188 bytes) @ 0x00007f404d730f24 [0x00007f404d730b60+0x00000000000003c4]
J 9823 c1 org.eclipse.swt.widgets.Display.readAndDispatch()Z (88 bytes) @ 0x00007f404d5d69ec [0x00007f404d5d65e0+0x000000000000040c]
j  org.eclipse.jface.window.Window.runEventLoop(Lorg/eclipse/swt/widgets/Shell;)V+9
j  org.eclipse.jface.window.Window.open()I+60
j  org.jkiss.dbeaver.ui.app.standalone.DBeaverApplication.notifyVersionUpgrade(Lorg/osgi/framework/Version;Lorg/jkiss/dbeaver/registry/updater/VersionDescriptor;Z)V+27
j  org.jkiss.dbeaver.ui.app.standalone.update.DBeaverVersionChecker.lambda$showUpdaterDialog$0(Lorg/osgi/framework/Version;Lorg/jkiss/dbeaver/registry/updater/VersionDescriptor;)V+17
j  org.jkiss.dbeaver.ui.app.standalone.update.DBeaverVersionChecker$$Lambda+0x00007f3ff08c92f8.run()V+12
J 10465 c1 org.eclipse.swt.widgets.RunnableLock.run(Lorg/eclipse/swt/widgets/Display;)V (50 bytes) @ 0x00007f404d7144ac [0x00007f404d714360+0x000000000000014c]
J 10525 c1 org.eclipse.swt.widgets.Synchronizer.runAsyncMessages(Z)Z (188 bytes) @ 0x00007f404d730f24 [0x00007f404d730b60+0x00000000000003c4]
J 9823 c1 org.eclipse.swt.widgets.Display.readAndDispatch()Z (88 bytes) @ 0x00007f404d5d69ec [0x00007f404d5d65e0+0x000000000000040c]
j  org.eclipse.jface.window.Window.runEventLoop(Lorg/eclipse/swt/widgets/Shell;)V+9
j  org.eclipse.jface.window.Window.open()I+60
j  org.jkiss.dbeaver.ui.dialogs.driver.DriverDownloadDialog.downloadDriverFiles(Lorg/eclipse/swt/widgets/Shell;Lorg/jkiss/dbeaver/model/connection/DBPDriver;Lorg/jkiss/dbeaver/model/connection/DBPDriverDependencies;ZZ)Z+49
j  org.jkiss.dbeaver.ui.dialogs.driver.DriverDownloadDialog.downloadDriverFiles(Lorg/eclipse/swt/widgets/Shell;Lorg/jkiss/dbeaver/model/connection/DBPDriver;Lorg/jkiss/dbeaver/model/connection/DBPDriverDependencies;Z)Z+5
j  org.jkiss.dbeaver.ui.actions.datasource.UIServiceDriversImpl$1.runTask()Ljava/lang/Boolean;+13
j  org.jkiss.dbeaver.ui.actions.datasource.UIServiceDriversImpl$1.runTask()Ljava/lang/Object;+1
j  org.jkiss.dbeaver.ui.UITask.runWithResult()Ljava/lang/Object;+1
j  org.jkiss.dbeaver.model.runtime.RunnableWithResult.run()V+2
j  org.eclipse.ui.internal.PendingSyncExec.run()V+15
j  org.eclipse.ui.internal.UILockListener.doPendingWork()V+18
j  org.eclipse.ui.internal.UISynchronizer$$Lambda+0x00007f3ff06b5a58.run()V+4
J 10465 c1 org.eclipse.swt.widgets.RunnableLock.run(Lorg/eclipse/swt/widgets/Display;)V (50 bytes) @ 0x00007f404d7144ac [0x00007f404d714360+0x000000000000014c]
J 10525 c1 org.eclipse.swt.widgets.Synchronizer.runAsyncMessages(Z)Z (188 bytes) @ 0x00007f404d730f24 [0x00007f404d730b60+0x00000000000003c4]
J 9823 c1 org.eclipse.swt.widgets.Display.readAndDispatch()Z (88 bytes) @ 0x00007f404d5d69ec [0x00007f404d5d65e0+0x000000000000040c]
j  org.eclipse.jface.window.Window.runEventLoop(Lorg/eclipse/swt/widgets/Shell;)V+9
j  org.eclipse.jface.window.Window.open()I+60
j  org.eclipse.jface.dialogs.MessageDialog.open()I+7
j  org.jkiss.dbeaver.ui.dialogs.ConfirmationDialog.open(IILorg/eclipse/swt/widgets/Shell;Ljava/lang/String;Ljava/lang/String;Ljava/lang/String;ZLjava/lang/String;Ljava/lang/String;Ljava/lang/String;)I+144
j  org.jkiss.dbeaver.ui.dialogs.ConfirmationDialog.confirmAction(Lorg/eclipse/swt/widgets/Shell;ILjava/lang/String;ILjava/lang/String;[Ljava/lang/Object;)I+127
j  org.jkiss.dbeaver.ui.dialogs.ConfirmationDialog.confirmAction(Lorg/eclipse/swt/widgets/Shell;ILjava/lang/String;I[Ljava/lang/Object;)I+7
j  org.jkiss.dbeaver.ui.dialogs.ConfirmationDialog.confirmAction(Lorg/eclipse/swt/widgets/Shell;Ljava/lang/String;I[Ljava/lang/Object;)I+5
j  org.jkiss.dbeaver.ui.app.standalone.ApplicationWorkbenchAdvisor.closeOpenEditors(Lorg/eclipse/ui/IWorkbenchWindow;ZZ)Z+37
j  org.jkiss.dbeaver.ui.app.standalone.ApplicationWorkbenchAdvisor.saveAndCleanup()Z+66
j  org.jkiss.dbeaver.ui.app.standalone.ApplicationWorkbenchAdvisor.preShutdown()Z+1
j  org.eclipse.ui.internal.Workbench.busyClose(Z)Z+5
j  org.eclipse.ui.internal.Workbench.lambda$6([ZZ)V+4
j  org.eclipse.ui.internal.Workbench$$Lambda+0x00007f3ff085aa18.run()V+12
j  org.eclipse.swt.custom.BusyIndicator.showWhile(Lorg/eclipse/swt/widgets/Display;Ljava/lang/Runnable;)V+33
j  org.eclipse.ui.internal.Workbench.close(IZ)Z+35
j  org.eclipse.ui.internal.Workbench.close()Z+3
j  org.eclipse.ui.internal.WorkbenchWindow.busyClose(Z)Z+121
j  org.eclipse.ui.internal.WorkbenchWindow.lambda$5([ZZ)V+4
j  org.eclipse.ui.internal.WorkbenchWindow$$Lambda+0x00007f3ff085a7f0.run()V+12
j  org.eclipse.swt.custom.BusyIndicator.showWhile(Lorg/eclipse/swt/widgets/Display;Ljava/lang/Runnable;)V+33
j  org.eclipse.ui.internal.WorkbenchWindow.close(Z)Z+13
j  org.eclipse.ui.internal.WorkbenchWindow.close()Z+2
j  org.eclipse.ui.internal.WorkbenchWindow.lambda$2(Lorg/eclipse/e4/ui/model/application/ui/basic/MWindow;)Z+11
j  org.eclipse.ui.internal.WorkbenchWindow$$Lambda+0x00007f3ff05aa7b8.close(Lorg/eclipse/e4/ui/model/application/ui/basic/MWindow;)Z+5
j  org.eclipse.e4.ui.workbench.renderers.swt.WBWRenderer.lambda$4(Lorg/eclipse/swt/events/ShellEvent;)V+43
j  org.eclipse.e4.ui.workbench.renderers.swt.WBWRenderer$$Lambda+0x00007f3ff058c6a0.accept(Ljava/lang/Object;)V+8
j  org.eclipse.swt.events.ShellListener$2.shellClosed(Lorg/eclipse/swt/events/ShellEvent;)V+5
j  org.eclipse.swt.widgets.TypedListener.handleEvent(Lorg/eclipse/swt/widgets/Event;)V+279
J 8985 c1 org.eclipse.swt.widgets.EventTable.sendEvent(Lorg/eclipse/swt/widgets/Event;)V (619 bytes) @ 0x00007f404c5e9154 [0x00007f404c5e8fc0+0x0000000000000194]
J 8313 c1 org.eclipse.swt.widgets.Display.sendEvent(Lorg/eclipse/swt/widgets/EventTable;Lorg/eclipse/swt/widgets/Event;)V (34 bytes) @ 0x00007f404d3517d4 [0x00007f404d3515a0+0x0000000000000234]
J 8667 c1 org.eclipse.swt.widgets.Widget.sendEvent(ILorg/eclipse/swt/widgets/Event;Z)V (88 bytes) @ 0x00007f404d42b804 [0x00007f404d42b2c0+0x0000000000000544]
j  org.eclipse.swt.widgets.Widget.sendEvent(ILorg/eclipse/swt/widgets/Event;)V+4
j  org.eclipse.swt.widgets.Shell.closeWidget()V+12
j  org.eclipse.swt.widgets.Shell.gtk_delete_event(JJ)J+8
J 9250 c1 org.eclipse.swt.widgets.Widget.windowProc(JJJ)J (459 bytes) @ 0x00007f404d489d14 [0x00007f404d488240+0x0000000000001ad4]
J 9377 c1 org.eclipse.swt.widgets.Control.windowProc(JJJ)J (285 bytes) @ 0x00007f404d4fea04 [0x00007f404d4fe060+0x00000000000009a4]
J 8902 c1 org.eclipse.swt.widgets.Display.windowProc(JJJ)J (24 bytes) @ 0x00007f404c5fc40c [0x00007f404c5fc260+0x00000000000001ac]
v  ~StubRoutines::call_stub 0x00007f4053937cc6
J 8765  org.eclipse.swt.internal.gtk3.GTK3.gtk_main_do_event(J)V (0 bytes) @ 0x00007f40543d5f79 [0x00007f40543d5f20+0x0000000000000059]
J 9385 c1 org.eclipse.swt.widgets.Display.eventProc(JJ)J (212 bytes) @ 0x00007f404d502564 [0x00007f404d502160+0x0000000000000404]
v  ~StubRoutines::call_stub 0x00007f4053937cc6
J 9379  org.eclipse.swt.internal.gtk3.GTK3.gtk_main_iteration_do(Z)Z (0 bytes) @ 0x00007f40544301f9 [0x00007f40544301a0+0x0000000000000059]
j  org.eclipse.swt.widgets.Display.readAndDispatch()Z+54
j  org.eclipse.e4.ui.internal.workbench.swt.PartRenderingEngine$5.run()V+564
j  org.eclipse.core.databinding.observable.Realm.runWithDefault(Lorg/eclipse/core/databinding/observable/Realm;Ljava/lang/Runnable;)V+12
j  org.eclipse.e4.ui.internal.workbench.swt.PartRenderingEngine.run(Lorg/eclipse/e4/ui/model/application/MApplicationElement;Lorg/eclipse/e4/core/contexts/IEclipseContext;)Ljava/lang/Object;+57
j  org.eclipse.e4.ui.internal.workbench.E4Workbench.createAndRunUI(Lorg/eclipse/e4/ui/model/application/MApplicationElement;)V+20
j  org.eclipse.ui.internal.Workbench.lambda$3(Lorg/eclipse/swt/widgets/Display;Lorg/eclipse/ui/application/WorkbenchAdvisor;[I)V+352
j  org.eclipse.ui.internal.Workbench$$Lambda+0x00007f3ff036b8c0.run()V+12
j  org.eclipse.core.databinding.observable.Realm.runWithDefault(Lorg/eclipse/core/databinding/observable/Realm;Ljava/lang/Runnable;)V+12
j  org.eclipse.ui.internal.Workbench.createAndRunWorkbench(Lorg/eclipse/swt/widgets/Display;Lorg/eclipse/ui/application/WorkbenchAdvisor;)I+16
j  org.eclipse.ui.PlatformUI.createAndRunWorkbench(Lorg/eclipse/swt/widgets/Display;Lorg/eclipse/ui/application/WorkbenchAdvisor;)I+2
j  org.jkiss.dbeaver.ui.app.standalone.DBeaverApplication.start(Lorg/eclipse/equinox/app/IApplicationContext;)Ljava/lang/Object;+744
j  org.eclipse.equinox.internal.app.EclipseAppHandle.run(Ljava/lang/Object;)Ljava/lang/Object;+138
j  org.eclipse.core.runtime.internal.adaptor.EclipseAppLauncher.runApplication(Ljava/lang/Object;)Ljava/lang/Object;+85
j  org.eclipse.core.runtime.internal.adaptor.EclipseAppLauncher.start(Ljava/lang/Object;)Ljava/lang/Object;+79
j  org.eclipse.core.runtime.adaptor.EclipseStarter.run(Ljava/lang/Object;)Ljava/lang/Object;+99
j  org.eclipse.core.runtime.adaptor.EclipseStarter.run([Ljava/lang/String;Ljava/lang/Runnable;)Ljava/lang/Object;+132
J 738 c1 java.lang.invoke.DirectMethodHandle$Holder.invokeStatic(Ljava/lang/Object;Ljava/lang/Object;Ljava/lang/Object;)Ljava/lang/Object; java.base@21.0.11 (15 bytes) @ 0x00007f404c5227ec [0x00007f404c5224e0+0x000000000000030c]
j  java.lang.invoke.LambdaForm$MH+0x00007f3ff001e800.invoke(Ljava/lang/Object;Ljava/lang/Object;Ljava/lang/Object;Ljava/lang/Object;)Ljava/lang/Object;+54 java.base@21.0.11
j  java.lang.invoke.LambdaForm$MH+0x00007f3ff001ec00.invokeExact_MT(Ljava/lang/Object;Ljava/lang/Object;Ljava/lang/Object;Ljava/lang/Object;Ljava/lang/Object;)Ljava/lang/Object;+22 java.base@21.0.11
j  jdk.internal.reflect.DirectMethodHandleAccessor.invokeImpl(Ljava/lang/Object;[Ljava/lang/Object;)Ljava/lang/Object;+72 java.base@21.0.11
j  jdk.internal.reflect.DirectMethodHandleAccessor.invoke(Ljava/lang/Object;[Ljava/lang/Object;)Ljava/lang/Object;+23 java.base@21.0.11
j  java.lang.reflect.Method.invoke(Ljava/lang/Object;[Ljava/lang/Object;)Ljava/lang/Object;+102 java.base@21.0.11
j  org.eclipse.equinox.launcher.Main.invokeFramework([Ljava/lang/String;[Ljava/net/URL;)V+155
j  org.eclipse.equinox.launcher.Main.basicRun([Ljava/lang/String;)V+191
j  org.eclipse.equinox.launcher.Main.run([Ljava/lang/String;)I+4
j  org.eclipse.equinox.launcher.Main.main([Ljava/lang/String;)V+10
v  ~StubRoutines::call_stub 0x00007f4053937cc6

siginfo: si_signo: 11 (SIGSEGV), si_code: 128 (SI_KERNEL), si_addr: 0x0000000000000000

Registers:
RAX=0x0100030b0000000b, RBX=0x00007f4064184090, RCX=0x00007f3febfd8000, RDX=0x0000000000000000
RSP=0x00007f406c3fa780, RBP=0x00007f406c3fa7c0, RSI=0x00007f40642679b0, RDI=0x00007f4064184090
R8 =0x00007f406b035659, R9 =0x00000000c04bdd98, R10=0x00007f40542efe79, R11=0x00007f40542efe40
R12=0x0000000000000000, R13=0x00007f406c3fa838, R14=0x00007f406c3fa810, R15=0x00007f406401d2b0
RIP=0x00007f403cf6a73a, EFLAGS=0x0000000000010202, CSGSFS=0x002b000000000033, ERR=0x0000000000000000
  TRAPNO=0x000000000000000d

XMM[0]=0xc29d6690ffdfc5a8 0xffdfced8c04bddc8
XMM[1]=0x0000000000000000 0x00007f406401d2b0
XMM[2]=0x0000000000000000 0x00007f3febf9433c
XMM[3]=0x0000000000000000 0x0000000000000000
XMM[4]=0x0000000000000000 0x0000000000000000
XMM[5]=0x0000000000000000 0x3ff0000000000000
XMM[6]=0x0000000000000000 0x0000000000000000
XMM[7]=0x0000000000000000 0x3fd3333333333333
XMM[8]=0x0000000000000000 0x0000000000000000
XMM[9]=0x0000000000000000 0x000000003f800000
XMM[10]=0x0000000000000000 0x4036000000000000
XMM[11]=0x0000000000000000 0x4036000000000000
XMM[12]=0x0000000000000000 0x00000000b6ed8d09
XMM[13]=0x0000000000000000 0x0000000000000000
XMM[14]=0x0000000000000000 0x8000000000000000
XMM[15]=0x0000000000000000 0x0000000000000000
  MXCSR=0x00001fa2


Register to memory mapping:

RAX=0x0100030b0000000b is an unknown value
RBX=0x00007f4064184090 points into unknown readable memory: 0x0100030b0000000b | 0b 00 00 00 0b 03 00 01
RCX=0x00007f3febfd8000 is pointing into metadata
RDX=0x0 is null
RSP=0x00007f406c3fa780 is pointing into the stack for thread: 0x00007f406401d2b0
RBP=0x00007f406c3fa7c0 is pointing into the stack for thread: 0x00007f406401d2b0
RSI=0x00007f40642679b0 points into unknown readable memory: 0x0000000000000000 | 00 00 00 00 00 00 00 00
RDI=0x00007f4064184090 points into unknown readable memory: 0x0100030b0000000b | 0b 00 00 00 0b 03 00 01
R8 =0x00007f406b035659 points into unknown readable memory: 02 02 02 02 02 02 02
R9 =0x00000000c04bdd98 is an oop: java.lang.String 
{0x00000000c04bdd98} - klass: 'java/lang/String'
 - string: "white"
 - ---- fields (total size 3 words):
 - private 'hash' 'I' @12  113101865 (0x06bdcc29)
 - private final 'coder' 'B' @16  0 (0x00)
 - private 'hashIsZero' 'Z' @17  false (0x00)
 - injected 'flags' 'B' @18  0 (0x00)
 - private final 'value' '[B' @20  [B{0x00000000c04bddb0} (0xc04bddb0)
R10=0x00007f40542efe79 is at entry_point+89 in (nmethod*)0x00007f40542efc90
Compiled method (n/a) 11657 7665     n 0       org.eclipse.swt.internal.gtk.GTK::gtk_widget_get_style_context (native)
 total in heap  [0x00007f40542efc90,0x00007f40542f0008] = 888
 relocation     [0x00007f40542efde8,0x00007f40542efe20] = 56
 main code      [0x00007f40542efe20,0x00007f40542efffb] = 475
 stub code      [0x00007f40542efffb,0x00007f40542f0000] = 5
 oops           [0x00007f40542f0000,0x00007f40542f0008] = 8
0x00007f40542efe5f:   48 8b d6 49 be f0 f5 c3 c0 00 00 00 00 4c 89 74
0x00007f40542efe6f:   24 30 4c 8d 74 24 30 49 8b f6 c5 f8 77 
R11=0x00007f40542efe40 is at entry_point+32 in (nmethod*)0x00007f40542efc90
Compiled method (n/a) 11658 7665     n 0       org.eclipse.swt.internal.gtk.GTK::gtk_widget_get_style_context (native)
 total in heap  [0x00007f40542efc90,0x00007f40542f0008] = 888
 relocation     [0x00007f40542efde8,0x00007f40542efe20] = 56
 main code      [0x00007f40542efe20,0x00007f40542efffb] = 475
 stub code      [0x00007f40542efffb,0x00007f40542f0000] = 5
 oops           [0x00007f40542f0000,0x00007f40542f0008] = 8
0x00007f40542efe40:   89 84 24 00 c0 fe ff 55 48 8b ec 48 83 ec 40 90
0x00007f40542efe50:   41 81 7f 20 09 00 00 00 74 05 
R12=0x0 is null
R13=0x00007f406c3fa838 is pointing into the stack for thread: 0x00007f406401d2b0
R14=0x00007f406c3fa810 is pointing into the stack for thread: 0x00007f406401d2b0
R15=0x00007f406401d2b0 is a thread

Top of Stack: (sp=0x00007f406c3fa780)
0x00007f406c3fa780:   00007f406d6070e0 00007f3fef01b108   .p`m@.......?...
0x00007f406c3fa790:   0000000000000000 00007f406c3fa820   ........ .?l@...
0x00007f406c3fa7a0:   00007f406c3fa7f8 00007f3fec024d18   ..?l@....M..?...
0x00007f406c3fa7b0:   0000000000000000 00007f406c3fa810   ..........?l@...
0x00007f406c3fa7c0:   00007f406c3fa820 00007f3fe80a1d08    .?l@.......?...
0x00007f406c3fa7d0:   00007f405393f2a8 00007f40542efeea   ...S@......T@...
0x00007f406c3fa7e0:   0000000000000001 00007f406c3fa7e8   ..........?l@...
0x00007f406c3fa7f0:   00007f3febf87f67 0000000000000002   g...?...........
0x00007f406c3fa800:   00007f3febfd8000 0000000000000000   ....?...........
0x00007f406c3fa810:   00000000c0c3f5f0 00007f3febf87f90   ............?...
0x00007f406c3fa820:   00007f406c3fa890 00007f405393f25e   ..?l@...^..S@...
0x00007f406c3fa830:   00007f405393f25e 00007f4064184090   ^..S@....@.d@...
0x00007f406c3fa840:   0000000000000000 00007f406c3fa848   ........H.?l@...
0x00007f406c3fa850:   00007f3febf89223 0000000000000004   #...?...........
0x00007f406c3fa860:   00007f3febfd8000 00007f3feee3e9d8   ....?.......?...
0x00007f406c3fa870:   00000000c0c43058 00007f3febf892a8   X0..........?...
0x00007f406c3fa880:   00007f406c3fa838 00007f406c3fa8c0   8.?l@.....?l@...
0x00007f406c3fa890:   00007f406c3faa08 00007f404d61f074   ..?l@...t.aM@...
0x00007f406c3fa8a0:   0000000000000000 0000000000000000   ................
0x00007f406c3fa8b0:   00000000ffdc5f80 00007f404d61f074   ._......t.aM@...
0x00007f406c3fa8c0:   00007f406c3fa9b8 00007f405394f47d   ..?l@...}..S@...
0x00007f406c3fa8d0:   00007f405393ea90 0000000000000000   ...S@...........
0x00007f406c3fa8e0:   0000000000000000 00007f406c3faa08   ..........?l@...
0x00007f406c3fa8f0:   00007f406c3fa9b8 00000000c2b85970   ..?l@...pY......
0x00007f406c3fa900:   00000000ffdc5f80 00007f3febf90670   ._......p...?...
0x00007f406c3fa910:   0000000000000000 00007f405393f180   ...........S@...
0x00007f406c3fa920:   00000000ffdc5f80 00000000ffdc5f80   ._......._......
0x00007f406c3fa930:   00007f406c3faa08 00007f404d5d673c   ..?l@...<g]M@...
0x00007f406c3fa940:   0000000000000008 00007f3febfd8000   ............?...
0x00007f406c3fa950:   0000000000000000 00000000c0c43058   ........X0......
0x00007f406c3fa960:   00007f3febf90670 0000000000000000   p...?...........
0x00007f406c3fa970:   00007f406c3fa9b8 00007f406c3faa08   ..?l@.....?l@...

Instructions: (pc=0x00007f403cf6a73a)
0x00007f403cf6a63a:   00 eb de 0f 1f 00 f3 0f 1e fa 55 48 89 e5 53 48
0x00007f403cf6a64a:   83 ec 18 48 85 ff 74 46 48 89 fb 67 e8 b5 9b fe
0x00007f403cf6a65a:   ff 48 89 c6 48 8b 03 48 85 c0 74 05 48 39 30 74
0x00007f403cf6a66a:   0d 48 89 df ff 15 cc af 38 00 85 c0 74 20 8b 35
0x00007f403cf6a67a:   56 fd 38 00 48 89 df ff 15 21 8b 38 00 48 85 c0
0x00007f403cf6a68a:   74 34 48 8b 5d f8 c9 c3 66 0f 1f 44 00 00 48 8d
0x00007f403cf6a69a:   15 8c 2d 0c 00 48 8d 35 da 23 14 00 48 8d 3d 67
0x00007f403cf6a6aa:   c9 0b 00 ff 15 5d 84 38 00 48 8b 5d f8 31 c0 c9
0x00007f403cf6a6ba:   c3 0f 1f 44 00 00 48 8b 43 18 48 8b b8 d0 00 00
0x00007f403cf6a6ca:   00 48 85 ff 74 30 48 89 de 67 e8 f7 8d d9 ff 48
0x00007f403cf6a6da:   89 45 e8 48 89 c2 48 89 df 8b 35 eb fc 38 00 48
0x00007f403cf6a6ea:   8d 0d 60 19 00 00 ff 15 02 9e 38 00 48 8b 45 e8
0x00007f403cf6a6fa:   48 8b 5d f8 c9 c3 48 89 df e8 48 6d 00 00 eb cf
0x00007f403cf6a70a:   66 0f 1f 44 00 00 f3 0f 1e fa 55 48 89 e5 41 56
0x00007f403cf6a71a:   41 54 53 48 83 ec 28 48 85 ff 74 4a 48 89 fb 67
0x00007f403cf6a72a:   e8 e1 9a fe ff 48 89 c6 48 8b 03 48 85 c0 74 05
0x00007f403cf6a73a:   48 39 30 74 0d 48 89 df ff 15 f8 ae 38 00 85 c0
0x00007f403cf6a74a:   74 24 4c 8b 63 18 49 8b 4c 24 48 48 85 c9 74 46
0x00007f403cf6a75a:   48 83 c4 28 48 89 c8 5b 41 5c 41 5e 5d c3 0f 1f
0x00007f403cf6a76a:   84 00 00 00 00 00 48 8d 15 b4 2c 0c 00 48 8d 35
0x00007f403cf6a77a:   a2 22 14 00 48 8d 3d 8f c8 0b 00 ff 15 85 83 38
0x00007f403cf6a78a:   00 48 83 c4 28 31 c9 5b 48 89 c8 41 5c 41 5e 5d
0x00007f403cf6a79a:   c3 0f 1f 44 00 00 4d 8b 74 24 40 4d 85 f6 0f 84
0x00007f403cf6a7aa:   3a 01 00 00 48 89 4d d8 e8 19 b6 da ff 48 8b 4d
0x00007f403cf6a7ba:   d8 48 89 c6 49 8b 06 48 85 c0 74 05 48 3b 30 74
0x00007f403cf6a7ca:   19 48 89 4d d8 4c 89 f7 ff 15 68 ae 38 00 48 8b
0x00007f403cf6a7da:   4d d8 85 c0 0f 84 04 01 00 00 67 e8 76 8b f3 ff
0x00007f403cf6a7ea:   48 8b 70 18 48 89 c1 48 8b 56 20 49 39 d6 74 37
0x00007f403cf6a7fa:   48 89 55 d0 4c 89 f7 48 89 75 c8 48 89 45 d8 ff
0x00007f403cf6a80a:   15 41 80 38 00 48 8b 55 d0 48 8b 75 c8 48 8b 4d
0x00007f403cf6a81a:   d8 48 85 d2 4c 89 76 20 74 0d 48 89 d7 ff 15 ab
0x00007f403cf6a82a:   b5 38 00 48 8b 4d d8 49 89 4c 24 48 49 8b 74 24


Stack slot to memory mapping:

stack at sp + 0 slots: 0x00007f406d6070e0: <offset 0x00000000012070e0> in /usr/lib/jvm/java-21-openjdk/lib/server/libjvm.so at 0x00007f406c400000
stack at sp + 1 slots: {method} {0x00007f3fef01b108} 'arraycopy' '(Ljava/lang/Object;ILjava/lang/Object;II)V' in 'java/lang/System'
stack at sp + 2 slots: 0x0 is null
stack at sp + 3 slots: 0x00007f406c3fa820 is pointing into the stack for thread: 0x00007f406401d2b0
stack at sp + 4 slots: 0x00007f406c3fa7f8 is pointing into the stack for thread: 0x00007f406401d2b0
stack at sp + 5 slots: {method} {0x00007f3fec024d18} 'gtk_widget_get_style_context' '(J)J' in 'org/eclipse/swt/internal/gtk/GTK'
stack at sp + 6 slots: 0x0 is null
stack at sp + 7 slots: 0x00007f406c3fa810 is pointing into the stack for thread: 0x00007f406401d2b0


Compiled method (c1) 11663 9951       3       org.eclipse.swt.widgets.Display::runSettings (76 bytes)
 total in heap  [0x00007f404d61ed10,0x00007f404d61fb70] = 3680
 relocation     [0x00007f404d61ee68,0x00007f404d61ef60] = 248
 main code      [0x00007f404d61ef60,0x00007f404d61f868] = 2312
 stub code      [0x00007f404d61f868,0x00007f404d61f928] = 192
 oops           [0x00007f404d61f928,0x00007f404d61f930] = 8
 metadata       [0x00007f404d61f930,0x00007f404d61f958] = 40
 scopes data    [0x00007f404d61f958,0x00007f404d61fa30] = 216
 scopes pcs     [0x00007f404d61fa30,0x00007f404d61fb50] = 288
 dependencies   [0x00007f404d61fb50,0x00007f404d61fb58] = 8
 nul chk table  [0x00007f404d61fb58,0x00007f404d61fb70] = 24

[Constant Pool (empty)]

[MachCode]
[Entry Point]
  # {method} {0x00007f3febf8ee50} 'runSettings' '()Z' in 'org/eclipse/swt/widgets/Display'
  #           [sp+0x80]  (sp of caller)
  0x00007f404d61ef60: 448b 5608 | 49bb 0000 | 00ef 3f7f | 0000 4d03 | d34c 3bd0 

  0x00007f404d61ef74: ;   {runtime_call ic_miss_stub}
  0x00007f404d61ef74: 0f85 0661 | 3606 660f | 1f44 0000 
[Verified Entry Point]
  0x00007f404d61ef80: 8984 2400 | c0fe ff55 | 4883 ec70 | 4181 7f20 | 0900 0000 

  0x00007f404d61ef94: ;   {runtime_call StubRoutines (final stubs)}
  0x00007f404d61ef94: 7405 e8e5 

  0x00007f404d61ef98: ;   {metadata(method data for {method} {0x00007f3febf8ee50} 'runSettings' '()Z' in 'org/eclipse/swt/widgets/Display')}
  0x00007f404d61ef98: c434 0648 | bf90 b0d7 | ee3f 7f00 | 008b 9ff4 | 0000 0083 | c302 899f | f400 0000 | 81e3 fe07 
  0x00007f404d61efb8: 0000 85db | 0f84 c207 | 0000 0fbe | be5c 0200 

  0x00007f404d61efc8: ;   {metadata(method data for {method} {0x00007f3febf8ee50} 'runSettings' '()Z' in 'org/eclipse/swt/widgets/Display')}
  0x00007f404d61efc8: 0085 ff48 | bf90 b0d7 | ee3f 7f00 | 0048 c7c3 | 4801 0000 | 7407 48c7 | c338 0100 | 0048 8b04 
  0x00007f404d61efe8: 1f48 8d40 | 0148 8904 | 1f0f 8475 | 0700 00c6 | 865c 0200 | 0000 488b 

  0x00007f404d61f000: ;   {metadata(method data for {method} {0x00007f3febf8ee50} 'runSettings' '()Z' in 'org/eclipse/swt/widgets/Display')}
  0x00007f404d61f000: fe48 bb90 | b0d7 ee3f 

  0x00007f404d61f008: ;   {metadata('org/eclipse/swt/widgets/Display')}
  0x00007f404d61f008: 7f00 0049 | bae0 721c | f03f 7f00 | 004c 8993 | 6801 0000 | 4883 8370 | 0100 0001 | 488b fe48 
  0x00007f404d61f028: 8bf7 4889 

  0x00007f404d61f02c: ;   {optimized virtual_call}
  0x00007f404d61f02c: 7c24 40e8 

  0x00007f404d61f030: ; ImmutableOopMap {[64]=Oop }
                      ;*invokevirtual saveResources {reexecute=0 rethrow=0 return_oop=0}
                      ; - org.eclipse.swt.widgets.Display::runSettings@15 (line 5112)
  0x00007f404d61f030: 3908 0000 

  0x00007f404d61f034: ;   {other}
  0x00007f404d61f034: 0f1f 8400 | 2403 0000 | 488b 7424 

  0x00007f404d61f040: ;   {metadata(method data for {method} {0x00007f3febf8ee50} 'runSettings' '()Z' in 'org/eclipse/swt/widgets/Display')}
  0x00007f404d61f040: 4048 bf90 | b0d7 ee3f 

  0x00007f404d61f048: ;   {metadata('org/eclipse/swt/widgets/Display')}
  0x00007f404d61f048: 7f00 0049 | bae0 721c | f03f 7f00 | 004c 8997 | a001 0000 | 4883 87a8 | 0100 0001 | 488b 7424 
  0x00007f404d61f068: 4066 0f1f 

  0x00007f404d61f06c: ;   {optimized virtual_call}
  0x00007f404d61f06c: 4400 00e8 

  0x00007f404d61f070: ; ImmutableOopMap {[64]=Oop }
                      ;*invokevirtual initializeSystemColors {reexecute=0 rethrow=0 return_oop=0}
                      ; - org.eclipse.swt.widgets.Display::runSettings@19 (line 5113)
  0x00007f404d61f070: 0908 0000 

  0x00007f404d61f074: ;   {other}
  0x00007f404d61f074: 0f1f 8400 | 6403 0001 | 488b 7424 

  0x00007f404d61f080: ;   {metadata(method data for {method} {0x00007f3febf8ee50} 'runSettings' '()Z' in 'org/eclipse/swt/widgets/Display')}
  0x00007f404d61f080: 4048 ba90 | b0d7 ee3f 

  0x00007f404d61f088: ;   {metadata('org/eclipse/swt/widgets/Display')}
  0x00007f404d61f088: 7f00 0049 | bae0 721c | f03f 7f00 | 004c 8992 | d801 0000 | 4883 82e0 | 0100 0001 | ba27 0000 
  0x00007f404d61f0a8: ;   {oop(nullptr)}
  0x00007f404d61f0a8: 0048 b900 | 0000 0000 | 0000 0048 | 8b74 2440 | 0f1f 8000 

  0x00007f404d61f0bc: ;   {optimized virtual_call}
  0x00007f404d61f0bc: 0000 00e8 

  0x00007f404d61f0c0: ; ImmutableOopMap {[64]=Oop }
                      ;*invokevirtual sendEvent {reexecute=0 rethrow=0 return_oop=0}
                      ; - org.eclipse.swt.widgets.Display::runSettings@26 (line 5114)
  0x00007f404d61f0c0: bc62 3606 

  0x00007f404d61f0c4: ;   {other}
  0x00007f404d61f0c4: 0f1f 8400 | b403 0002 | 488b 7424 

  0x00007f404d61f0d0: ;   {metadata(method data for {method} {0x00007f3febf8ee50} 'runSettings' '()Z' in 'org/eclipse/swt/widgets/Display')}
  0x00007f404d61f0d0: 4048 bf90 | b0d7 ee3f 

  0x00007f404d61f0d8: ;   {metadata('org/eclipse/swt/widgets/Display')}
  0x00007f404d61f0d8: 7f00 0049 | bae0 721c | f03f 7f00 | 004c 8997 | 1002 0000 | 4883 8718 | 0200 0001 | 488b 7424 
  0x00007f404d61f0f8: 4066 0f1f 

  0x00007f404d61f0fc: ;   {optimized virtual_call}
  0x00007f404d61f0fc: 4400 00e8 

  0x00007f404d61f100: ; ImmutableOopMap {}
                      ;*invokevirtual getShells {reexecute=0 rethrow=0 return_oop=0}
                      ; - org.eclipse.swt.widgets.Display::runSettings@30 (line 5115)
  0x00007f404d61f100: 7c62 3606 

  0x00007f404d61f104: ;   {other}
  0x00007f404d61f104: 0f1f 8400 | f403 0003 | 4889 4424 

  0x00007f404d61f110: ;   {metadata(method data for {method} {0x00007f3febf8ee50} 'runSettings' '()Z' in 'org/eclipse/swt/widgets/Display')}
  0x00007f404d61f110: 5848 be90 | b0d7 ee3f | 7f00 00ff | 8638 0200 | 00bf 0000 | 0000 6690 

  0x00007f404d61f128: ; implicit exception: dispatches to 0x00007f404d61f7a5
  0x00007f404d61f128: 8b70 0c3b | febb 0200 | 0000 7c05 | bb00 0000 

  0x00007f404d61f138: ;   {metadata(method data for {method} {0x00007f3febf8ee50} 'runSettings' '()Z' in 'org/eclipse/swt/widgets/Display')}
  0x00007f404d61f138: 0048 ba90 | b0d7 ee3f | 7f00 008b | 8af8 0000 | 0003 cb89 | 8af8 0000 | 0085 db75 | 05b9 0200 
  0x00007f404d61f158: 0000 81e1 | fe3f 0000 | 85c9 0f84 | 4206 0000 | 4d8b 9758 

  0x00007f404d61f16c: ; ImmutableOopMap {rax=Oop [88]=Oop }
                      ;*if_icmplt {reexecute=1 rethrow=0 return_oop=0}
                      ; - (reexecute) org.eclipse.swt.widgets.Display::runSettings@71 (line 5116)
                      ;   {poll}
  0x00007f404d61f16c: 0400 0041 | 8502 3bfe 

  0x00007f404d61f174: ;   {metadata(method data for {method} {0x00007f3febf8ee50} 'runSettings' '()Z' in 'org/eclipse/swt/widgets/Display')}
  0x00007f404d61f174: 48be 90b0 | d7ee 3f7f | 0000 48c7 | c360 0300 | 007d 0748 | c7c3 5003 | 0000 488b | 141e 488d 
  0x00007f404d61f194: 5201 4889 | 141e 0f8d | b405 0000 | 4863 f78b | 5cb0 1048 | 895c 2448 

  0x00007f404d61f1ac: ; implicit exception: dispatches to 0x00007f404d61f7cb
  0x00007f404d61f1ac: 483b 0348 

  0x00007f404d61f1b0: ;   {metadata(method data for {method} {0x00007f3febf8ee50} 'runSettings' '()Z' in 'org/eclipse/swt/widgets/Display')}
  0x00007f404d61f1b0: 8bf3 48ba | 90b0 d7ee | 3f7f 0000 | 8b76 0849 | ba00 0000 | ef3f 7f00 | 0049 03f2 | 483b b260 
  0x00007f404d61f1d0: 0200 0075 | 0d48 8382 | 6802 0000 | 01e9 6000 | 0000 483b | b270 0200 | 0075 0d48 | 8382 7802 
  0x00007f404d61f1f0: 0000 01e9 | 4a00 0000 | 4883 ba60 | 0200 0000 | 7517 4889 | b260 0200 | 0048 c782 | 6802 0000 
  0x00007f404d61f210: 0100 0000 | e929 0000 | 0048 83ba | 7002 0000 | 0075 1748 | 89b2 7002 | 0000 48c7 | 8278 0200 
  0x00007f404d61f230: 0001 0000 | 00e9 0800 | 0000 4883 | 8250 0200 

  0x00007f404d61f240: ;   {metadata(method data for {method} {0x00007f3febe74050} 'isDisposed' '()Z' in 'org/eclipse/swt/widgets/Widget')}
  0x00007f404d61f240: 0001 48be | d0b6 61ed | 3f7f 0000 | 8b96 f400 | 0000 83c2 | 0289 96f4 | 0000 0081 | e2fe ff1f 
  0x00007f404d61f260: 0085 d20f | 8467 0500 | 008b 7318 | 83e6 0185 

  0x00007f404d61f270: ;   {metadata(method data for {method} {0x00007f3febe74050} 'isDisposed' '()Z' in 'org/eclipse/swt/widgets/Widget')}
  0x00007f404d61f270: f648 bed0 | b661 ed3f | 7f00 0048 | c7c2 3801 | 0000 7407 | 48c7 c248 | 0100 0048 | 8b0c 1648 
  0x00007f404d61f290: 8d49 0148 | 890c 160f | 840a 0000 | 00be 0100 | 0000 e905 | 0000 00be | 0000 0000 

  0x00007f404d61f2ac: ;   {metadata(method data for {method} {0x00007f3febf8ee50} 'runSettings' '()Z' in 'org/eclipse/swt/widgets/Display')}
  0x00007f404d61f2ac: 85f6 48be | 90b0 d7ee | 3f7f 0000 | 48c7 c288 | 0200 0075 | 0748 c7c2 | 9802 0000 | 488b 0c16 
  0x00007f404d61f2cc: 488d 4901 | 4889 0c16 | 897c 2450 | 0f85 6604 | 0000 488b 

  0x00007f404d61f2e0: ;   {metadata(method data for {method} {0x00007f3febf8ee50} 'runSettings' '()Z' in 'org/eclipse/swt/widgets/Display')}
  0x00007f404d61f2e0: f348 ba90 | b0d7 ee3f | 7f00 008b | 7608 49ba | 0000 00ef | 3f7f 0000 | 4903 f248 | 3bb2 b802 
  0x00007f404d61f300: 0000 750d | 4883 82c0 | 0200 0001 | e960 0000 | 0048 3bb2 | c802 0000 | 750d 4883 | 82d0 0200 
  0x00007f404d61f320: 0001 e94a | 0000 0048 | 83ba b802 | 0000 0075 | 1748 89b2 | b802 0000 | 48c7 82c0 | 0200 0001 
  0x00007f404d61f340: 0000 00e9 | 2900 0000 | 4883 bac8 | 0200 0000 | 7517 4889 | b2c8 0200 | 0048 c782 | d002 0000 
  0x00007f404d61f360: 0100 0000 | e908 0000 | 0048 8382 | a802 0000 | 0148 8bf3 

  0x00007f404d61f374: ;   {optimized virtual_call}
  0x00007f404d61f374: 6666 90e8 

  0x00007f404d61f378: ; ImmutableOopMap {[72]=Oop [88]=Oop }
                      ;*invokevirtual fixStyle {reexecute=0 rethrow=0 return_oop=0}
                      ; - org.eclipse.swt.widgets.Display::runSettings@51 (line 5119)
  0x00007f404d61f378: 0460 3606 

  0x00007f404d61f37c: ;   {other}
  0x00007f404d61f37c: 0f1f 8400 | 6c06 0005 | 488b 5c24 

  0x00007f404d61f388: ;   {metadata(method data for {method} {0x00007f3febf8ee50} 'runSettings' '()Z' in 'org/eclipse/swt/widgets/Display')}
  0x00007f404d61f388: 4848 ba90 | b0d7 ee3f | 7f00 008b | 5b08 49ba | 0000 00ef | 3f7f 0000 | 4903 da48 | 3b9a f002 
  0x00007f404d61f3a8: 0000 750d | 4883 82f8 | 0200 0001 | e960 0000 | 0048 3b9a | 0003 0000 | 750d 4883 | 8208 0300 
  0x00007f404d61f3c8: 0001 e94a | 0000 0048 | 83ba f002 | 0000 0075 | 1748 899a | f002 0000 | 48c7 82f8 | 0200 0001 
  0x00007f404d61f3e8: 0000 00e9 | 2900 0000 | 4883 ba00 | 0300 0000 | 7517 4889 | 9a00 0300 | 0048 c782 | 0803 0000 
  0x00007f404d61f408: 0100 0000 | e908 0000 | 0048 8382 | e002 0000 | 01ba 0100 | 0000 488b | 7424 480f 

  0x00007f404d61f424: ;   {optimized virtual_call}
  0x00007f404d61f424: 1f40 00e8 

  0x00007f404d61f428: ; ImmutableOopMap {[72]=Oop [88]=Oop }
                      ;*invokevirtual redraw {reexecute=0 rethrow=0 return_oop=0}
                      ; - org.eclipse.swt.widgets.Display::runSettings@56 (line 5120)
  0x00007f404d61f428: 545f 3606 

  0x00007f404d61f42c: ;   {other}
  0x00007f404d61f42c: 0f1f 8400 | 1c07 0006 | 488b 5c24 

  0x00007f404d61f438: ;   {metadata(method data for {method} {0x00007f3febf8ee50} 'runSettings' '()Z' in 'org/eclipse/swt/widgets/Display')}
  0x00007f404d61f438: 4848 be90 | b0d7 ee3f | 7f00 008b | 5b08 49ba | 0000 00ef | 3f7f 0000 | 4903 da48 | 3b9e 2803 
  0x00007f404d61f458: 0000 750d | 4883 8630 | 0300 0001 | e960 0000 | 0048 3b9e | 3803 0000 | 750d 4883 | 8640 0300 
  0x00007f404d61f478: 0001 e94a | 0000 0048 | 83be 2803 | 0000 0075 | 1748 899e | 2803 0000 | 48c7 8630 | 0300 0001 
  0x00007f404d61f498: 0000 00e9 | 2900 0000 | 4883 be38 | 0300 0000 | 7517 4889 | 9e38 0300 | 0048 c786 | 4003 0000 
  0x00007f404d61f4b8: 0100 0000 | e908 0000 | 0048 8386 | 1803 0000 

  0x00007f404d61f4c8: ;   {metadata(method data for {method} {0x00007f3febe988d0} 'layout' '(ZZ)V' in 'org/eclipse/swt/widgets/Composite')}
  0x00007f404d61f4c8: 0148 be28 | f4e3 ee3f | 7f00 008b | bef4 0000 | 0083 c702 | 89be f400 | 0000 81e7 | feff 1f00 
  0x00007f404d61f4e8: 85ff 0f84 | 0103 0000 | 488b 5c24 

  0x00007f404d61f4f4: ;   {metadata(method data for {method} {0x00007f3febe988d0} 'layout' '(ZZ)V' in 'org/eclipse/swt/widgets/Composite')}
  0x00007f404d61f4f4: 4848 be28 | f4e3 ee3f | 7f00 008b | 5b08 49ba | 0000 00ef | 3f7f 0000 | 4903 da48 | 3b9e 4801 
  0x00007f404d61f514: 0000 750d | 4883 8650 | 0100 0001 | e960 0000 | 0048 3b9e | 5801 0000 | 750d 4883 | 8660 0100 
  0x00007f404d61f534: 0001 e94a | 0000 0048 | 83be 4801 | 0000 0075 | 1748 899e | 4801 0000 | 48c7 8650 | 0100 0001 
  0x00007f404d61f554: 0000 00e9 | 2900 0000 | 4883 be58 | 0100 0000 | 7517 4889 | 9e58 0100 | 0048 c786 | 6001 0000 
  0x00007f404d61f574: 0100 0000 | e908 0000 | 0048 8386 | 3801 0000 | 0148 8b74 | 2448 0f1f 

  0x00007f404d61f58c: ;   {optimized virtual_call}
  0x00007f404d61f58c: 4400 00e8 

  0x00007f404d61f590: ; ImmutableOopMap {[72]=Oop [88]=Oop }
                      ;*invokevirtual checkWidget {reexecute=0 rethrow=0 return_oop=0}
                      ; - org.eclipse.swt.widgets.Composite::layout@1 (line 1164)
                      ; - org.eclipse.swt.widgets.Display::runSettings@62 (line 5121)
  0x00007f404d61f590: ec5d 3606 

  0x00007f404d61f594: ;   {other}
  0x00007f404d61f594: 0f1f 8400 | 8408 0007 | 488b 5c24 | 488b 9308 | 0100 0048 

  0x00007f404d61f5a8: ;   {metadata(method data for {method} {0x00007f3febe988d0} 'layout' '(ZZ)V' in 'org/eclipse/swt/widgets/Composite')}
  0x00007f404d61f5a8: 85d2 48ba | 28f4 e3ee | 3f7f 0000 | 48c7 c170 | 0100 0075 | 0748 c7c1 | 8001 0000 | 488b 340a 
  0x00007f404d61f5c8: 488d 7601 | 4889 340a | 0f85 1000 

  0x00007f404d61f5d4: ;   {metadata(method data for {method} {0x00007f3febe988d0} 'layout' '(ZZ)V' in 'org/eclipse/swt/widgets/Composite')}
  0x00007f404d61f5d4: 0000 48ba | 28f4 e3ee | 3f7f 0000 | ff82 9001 | 0000 488b 

  0x00007f404d61f5e8: ;   {metadata(method data for {method} {0x00007f3febe988d0} 'layout' '(ZZ)V' in 'org/eclipse/swt/widgets/Composite')}
  0x00007f404d61f5e8: d348 b928 | f4e3 ee3f | 7f00 008b | 5208 49ba | 0000 00ef | 3f7f 0000 | 4903 d248 | 3b91 c001 
  0x00007f404d61f608: 0000 750d | 4883 81c8 | 0100 0001 | e960 0000 | 0048 3b91 | d001 0000 | 750d 4883 | 81d8 0100 
  0x00007f404d61f628: 0001 e94a | 0000 0048 | 83b9 c001 | 0000 0075 | 1748 8991 | c001 0000 | 48c7 81c8 | 0100 0001 
  0x00007f404d61f648: 0000 00e9 | 2900 0000 | 4883 b9d0 | 0100 0000 | 7517 4889 | 91d0 0100 | 0048 c781 | d801 0000 
  0x00007f404d61f668: 0100 0000 | e908 0000 | 0048 8381 | b001 0000 | 01ba 0100 | 0000 b901 | 0000 0048 

  0x00007f404d61f684: ;   {optimized virtual_call}
  0x00007f404d61f684: 8bf3 90e8 

  0x00007f404d61f688: ; ImmutableOopMap {[72]=Oop [88]=Oop }
                      ;*invokevirtual markLayout {reexecute=0 rethrow=0 return_oop=0}
                      ; - org.eclipse.swt.widgets.Composite::layout@19 (line 1166)
                      ; - org.eclipse.swt.widgets.Display::runSettings@62 (line 5121)
  0x00007f404d61f688: f45c 3606 

  0x00007f404d61f68c: ;   {other}
  0x00007f404d61f68c: 0f1f 8400 | 7c09 0008 | 488b 5c24 

  0x00007f404d61f698: ;   {metadata(method data for {method} {0x00007f3febe988d0} 'layout' '(ZZ)V' in 'org/eclipse/swt/widgets/Composite')}
  0x00007f404d61f698: 4848 ba28 | f4e3 ee3f | 7f00 008b | 5b08 49ba | 0000 00ef | 3f7f 0000 | 4903 da48 | 3b9a f801 
  0x00007f404d61f6b8: 0000 750d | 4883 8200 | 0200 0001 | e960 0000 | 0048 3b9a | 0802 0000 | 750d 4883 | 8210 0200 
  0x00007f404d61f6d8: 0001 e94a | 0000 0048 | 83ba f801 | 0000 0075 | 1748 899a | f801 0000 | 48c7 8200 | 0200 0001 
  0x00007f404d61f6f8: 0000 00e9 | 2900 0000 | 4883 ba08 | 0200 0000 | 7517 4889 | 9a08 0200 | 0048 c782 | 1002 0000 
  0x00007f404d61f718: 0100 0000 | e908 0000 | 0048 8382 | e801 0000 | 01ba 0100 | 0000 488b | 7424 480f 

  0x00007f404d61f734: ;   {optimized virtual_call}
  0x00007f404d61f734: 1f40 00e8 

  0x00007f404d61f738: ; ImmutableOopMap {[88]=Oop }
                      ;*invokevirtual updateLayout {reexecute=0 rethrow=0 return_oop=0}
                      ; - org.eclipse.swt.widgets.Composite::layout@24 (line 1167)
                      ; - org.eclipse.swt.widgets.Display::runSettings@62 (line 5121)
  0x00007f404d61f738: 445c 3606 

  0x00007f404d61f73c: ;   {other}
  0x00007f404d61f73c: 0f1f 8400 | 2c0a 0009 | 8b7c 2450 | ffc7 488b | 4424 58e9 | d4f9 ffff | b801 0000 | 0048 83c4 
  0x00007f404d61f75c: ;   {poll_return}
  0x00007f404d61f75c: 705d 493b | a750 0400 | 000f 87a7 | 0000 00c3 | b800 0000 | 0048 83c4 

  0x00007f404d61f774: ;   {poll_return}
  0x00007f404d61f774: 705d 493b | a750 0400 | 000f 87a5 | 0000 00c3 

  0x00007f404d61f784: ;   {metadata({method} {0x00007f3febf8ee50} 'runSettings' '()Z' in 'org/eclipse/swt/widgets/Display')}
  0x00007f404d61f784: 49ba 50ee | f8eb 3f7f | 0000 4c89 | 5424 0848 | c704 24ff 

  0x00007f404d61f798: ;   {runtime_call counter_overflow Runtime1 stub}
  0x00007f404d61f798: ffff ffe8 

  0x00007f404d61f79c: ; ImmutableOopMap {rsi=Oop }
                      ;*synchronization entry
                      ; - org.eclipse.swt.widgets.Display::runSettings@-1 (line 5110)
  0x00007f404d61f79c: e0bc 4206 | e91d f8ff 

  0x00007f404d61f7a4: ;   {runtime_call throw_null_pointer_exception Runtime1 stub}
  0x00007f404d61f7a4: ffe8 d649 

  0x00007f404d61f7a8: ; ImmutableOopMap {rax=Oop [88]=Oop }
                      ;*arraylength {reexecute=0 rethrow=0 return_oop=0}
                      ; - org.eclipse.swt.widgets.Display::runSettings@70 (line 5116)
                      ;   {metadata({method} {0x00007f3febf8ee50} 'runSettings' '()Z' in 'org/eclipse/swt/widgets/Display')}
  0x00007f404d61f7a8: 4206 49ba | 50ee f8eb | 3f7f 0000 | 4c89 5424 | 0848 c704 | 2447 0000 

  0x00007f404d61f7c0: ;   {runtime_call counter_overflow Runtime1 stub}
  0x00007f404d61f7c0: 00e8 babc 

  0x00007f404d61f7c4: ; ImmutableOopMap {rax=Oop [88]=Oop }
                      ;*if_icmplt {reexecute=1 rethrow=0 return_oop=0}
                      ; - (reexecute) org.eclipse.swt.widgets.Display::runSettings@71 (line 5116)
  0x00007f404d61f7c4: 4206 e99d 

  0x00007f404d61f7c8: ;   {runtime_call throw_null_pointer_exception Runtime1 stub}
  0x00007f404d61f7c8: f9ff ffe8 

  0x00007f404d61f7cc: ; ImmutableOopMap {rax=Oop rbx=Oop [72]=Oop [88]=Oop }
                      ;*invokevirtual isDisposed {reexecute=0 rethrow=0 return_oop=0}
                      ; - org.eclipse.swt.widgets.Display::runSettings@44 (line 5118)
  0x00007f404d61f7cc: b049 4206 

  0x00007f404d61f7d0: ;   {metadata({method} {0x00007f3febe74050} 'isDisposed' '()Z' in 'org/eclipse/swt/widgets/Widget')}
  0x00007f404d61f7d0: 49ba 5040 | e7eb 3f7f | 0000 4c89 | 5424 0848 | c704 24ff 

  0x00007f404d61f7e4: ;   {runtime_call counter_overflow Runtime1 stub}
  0x00007f404d61f7e4: ffff ffe8 

  0x00007f404d61f7e8: ; ImmutableOopMap {rax=Oop rbx=Oop [72]=Oop [88]=Oop }
                      ;*synchronization entry
                      ; - org.eclipse.swt.widgets.Widget::isDisposed@-1 (line 1282)
                      ; - org.eclipse.swt.widgets.Display::runSettings@44 (line 5118)
  0x00007f404d61f7e8: 94bc 4206 | e978 faff 

  0x00007f404d61f7f0: ;   {metadata({method} {0x00007f3febe988d0} 'layout' '(ZZ)V' in 'org/eclipse/swt/widgets/Composite')}
  0x00007f404d61f7f0: ff49 bad0 | 88e9 eb3f | 7f00 004c | 8954 2408 | 48c7 0424 | ffff ffff 

  0x00007f404d61f808: ;   {runtime_call counter_overflow Runtime1 stub}
  0x00007f404d61f808: e873 bc42 

  0x00007f404d61f80c: ; ImmutableOopMap {[72]=Oop [88]=Oop }
                      ;*synchronization entry
                      ; - org.eclipse.swt.widgets.Composite::layout@-1 (line 1164)
                      ; - org.eclipse.swt.widgets.Display::runSettings@62 (line 5121)
  0x00007f404d61f80c: 06e9 defc 

  0x00007f404d61f810: ;   {internal_word}
  0x00007f404d61f810: ffff 49ba | 5ef7 614d | 407f 0000 | 4d89 9768 

  0x00007f404d61f820: ;   {runtime_call SafepointBlob}
  0x00007f404d61f820: 0400 00e9 | d8c7 3606 

  0x00007f404d61f828: ;   {internal_word}
  0x00007f404d61f828: 49ba 76f7 | 614d 407f | 0000 4d89 | 9768 0400 

  0x00007f404d61f838: ;   {runtime_call SafepointBlob}
  0x00007f404d61f838: 00e9 c2c7 | 3606 498b | 8700 0500 | 0049 c787 | 0005 0000 | 0000 0000 | 49c7 8708 | 0500 0000 
  0x00007f404d61f858: 0000 0048 | 83c4 705d 

  0x00007f404d61f860: ;   {runtime_call unwind_exception Runtime1 stub}
  0x00007f404d61f860: e99b 3542 | 06f4 f4f4 
[Stub Code]
  0x00007f404d61f868: ;   {no_reloc}
  0x00007f404d61f868: 0f1f 4400 

  0x00007f404d61f86c: ;   {static_stub}
  0x00007f404d61f86c: 0048 bb78 | 10f9 eb3f 

  0x00007f404d61f874: ;   {runtime_call I2C/C2I adapters}
  0x00007f404d61f874: 7f00 00e9 | e7a4 3606 

  0x00007f404d61f87c: ;   {static_stub}
  0x00007f404d61f87c: 9048 bba8 | 92f8 eb3f 

  0x00007f404d61f884: ;   {runtime_call I2C/C2I adapters}
  0x00007f404d61f884: 7f00 00e9 | d7a4 3606 

  0x00007f404d61f88c: ;   {static_stub}
  0x00007f404d61f88c: 9048 bb00 | 0000 0000 

  0x00007f404d61f894: ;   {runtime_call nmethod}
  0x00007f404d61f894: 0000 00e9 | fbff ffff 

  0x00007f404d61f89c: ;   {static_stub}
  0x00007f404d61f89c: 9048 bb00 | 0000 0000 

  0x00007f404d61f8a4: ;   {runtime_call nmethod}
  0x00007f404d61f8a4: 0000 00e9 | fbff ffff 

  0x00007f404d61f8ac: ;   {static_stub}
  0x00007f404d61f8ac: 9048 bb00 | 0000 0000 

  0x00007f404d61f8b4: ;   {runtime_call nmethod}
  0x00007f404d61f8b4: 0000 00e9 | fbff ffff 

  0x00007f404d61f8bc: ;   {static_stub}
  0x00007f404d61f8bc: 9048 bb00 | 0000 0000 

  0x00007f404d61f8c4: ;   {runtime_call nmethod}
  0x00007f404d61f8c4: 0000 00e9 | fbff ffff 

  0x00007f404d61f8cc: ;   {static_stub}
  0x00007f404d61f8cc: 9048 bb00 | 0000 0000 

  0x00007f404d61f8d4: ;   {runtime_call nmethod}
  0x00007f404d61f8d4: 0000 00e9 | fbff ffff 

  0x00007f404d61f8dc: ;   {static_stub}
  0x00007f404d61f8dc: 9048 bb00 | 0000 0000 

  0x00007f404d61f8e4: ;   {runtime_call nmethod}
  0x00007f404d61f8e4: 0000 00e9 | fbff ffff 

  0x00007f404d61f8ec: ;   {static_stub}
  0x00007f404d61f8ec: 9048 bb00 | 0000 0000 

  0x00007f404d61f8f4: ;   {runtime_call nmethod}
  0x00007f404d61f8f4: 0000 00e9 | fbff ffff 
[Exception Handler]
  0x00007f404d61f8fc: ;   {runtime_call handle_exception_from_callee Runtime1 stub}
  0x00007f404d61f8fc: e8ff 6a42 

  0x00007f404d61f900: ;   {external_word}
  0x00007f404d61f900: 0648 bfa6 | 0132 6d40 | 7f00 0048 

  0x00007f404d61f90c: ;   {runtime_call}
  0x00007f404d61f90c: 83e4 f0e8 | 4cb9 7a1f 

  0x00007f404d61f914: ;   {section_word}
  0x00007f404d61f914: f449 ba15 | f961 4d40 | 7f00 0041 

  0x00007f404d61f920: ;   {runtime_call DeoptimizationBlob}
  0x00007f404d61f920: 52e9 7ab9 | 3606 f4f4 
[/MachCode]


Compiled method (c1) 11685 9823       3       org.eclipse.swt.widgets.Display::readAndDispatch (88 bytes)
 total in heap  [0x00007f404d5d6390,0x00007f404d5d6db8] = 2600
 relocation     [0x00007f404d5d64e8,0x00007f404d5d65d8] = 240
 main code      [0x00007f404d5d65e0,0x00007f404d5d6b58] = 1400
 stub code      [0x00007f404d5d6b58,0x00007f404d5d6c18] = 192
 oops           [0x00007f404d5d6c18,0x00007f404d5d6c20] = 8
 metadata       [0x00007f404d5d6c20,0x00007f404d5d6c48] = 40
 scopes data    [0x00007f404d5d6c48,0x00007f404d5d6cc0] = 120
 scopes pcs     [0x00007f404d5d6cc0,0x00007f404d5d6da0] = 224
 dependencies   [0x00007f404d5d6da0,0x00007f404d5d6da8] = 8
 nul chk table  [0x00007f404d5d6da8,0x00007f404d5d6db8] = 16

[Constant Pool (empty)]

[MachCode]
[Entry Point]
  # {method} {0x00007f3febf8ccf8} 'readAndDispatch' '()Z' in 'org/eclipse/swt/widgets/Display'
  #           [sp+0x70]  (sp of caller)
  0x00007f404d5d65e0: 448b 5608 | 49bb 0000 | 00ef 3f7f | 0000 4d03 | d34c 3bd0 

  0x00007f404d5d65f4: ;   {runtime_call ic_miss_stub}
  0x00007f404d5d65f4: 0f85 86ea | 3a06 660f | 1f44 0000 
[Verified Entry Point]
  0x00007f404d5d6600: 8984 2400 | c0fe ff55 | 4883 ec60 | 4181 7f20 | 0900 0000 

  0x00007f404d5d6614: ;   {runtime_call StubRoutines (final stubs)}
  0x00007f404d5d6614: 7405 e865 

  0x00007f404d5d6618: ;   {metadata(method data for {method} {0x00007f3febf8ccf8} 'readAndDispatch' '()Z' in 'org/eclipse/swt/widgets/Display')}
  0x00007f404d5d6618: 4e39 0648 | bf90 acd7 | ee3f 7f00 | 008b 9ff4 | 0000 0083 | c302 899f | f400 0000 | 81e3 fe07 
  0x00007f404d5d6638: 0000 85db | 0f84 6204 | 0000 488b 

  0x00007f404d5d6644: ;   {metadata(method data for {method} {0x00007f3febf8ccf8} 'readAndDispatch' '()Z' in 'org/eclipse/swt/widgets/Display')}
  0x00007f404d5d6644: fe48 bb90 | acd7 ee3f 

  0x00007f404d5d664c: ;   {metadata('org/eclipse/swt/widgets/Display')}
  0x00007f404d5d664c: 7f00 0049 | bae0 721c | f03f 7f00 | 004c 8993 | 4801 0000 | 4883 8350 | 0100 0001 | 488b fe48 
  0x00007f404d5d666c: 8bf7 4889 | 7c24 400f 

  0x00007f404d5d6674: ;   {optimized virtual_call}
  0x00007f404d5d6674: 1f40 00e8 

  0x00007f404d5d6678: ; ImmutableOopMap {[64]=Oop }
                      ;*invokevirtual checkDevice {reexecute=0 rethrow=0 return_oop=0}
                      ; - org.eclipse.swt.widgets.Display::readAndDispatch@1 (line 4483)
  0x00007f404d5d6678: 4438 9eff 

  0x00007f404d5d667c: ;   {other}
  0x00007f404d5d667c: 0f1f 8400 | ec02 0000 | 488b 7424 

  0x00007f404d5d6688: ;   {metadata(method data for {method} {0x00007f3febf8ccf8} 'readAndDispatch' '()Z' in 'org/eclipse/swt/widgets/Display')}
  0x00007f404d5d6688: 4048 bf90 | acd7 ee3f 

  0x00007f404d5d6690: ;   {metadata('org/eclipse/swt/widgets/Display')}
  0x00007f404d5d6690: 7f00 0049 | bae0 721c | f03f 7f00 | 004c 8997 | 8001 0000 | 4883 8788 | 0100 0001 | 488b 7424 
  0x00007f404d5d66b0: 4066 0f1f 

  0x00007f404d5d66b4: ;   {optimized virtual_call}
  0x00007f404d5d66b4: 4400 00e8 

  0x00007f404d5d66b8: ; ImmutableOopMap {[64]=Oop }
                      ;*invokevirtual runSkin {reexecute=0 rethrow=0 return_oop=0}
                      ; - org.eclipse.swt.widgets.Display::readAndDispatch@5 (line 4484)
  0x00007f404d5d66b8: 04d4 e6ff 

  0x00007f404d5d66bc: ;   {other}
  0x00007f404d5d66bc: 0f1f 8400 | 2c03 0001 | 488b 7424 

  0x00007f404d5d66c8: ;   {metadata(method data for {method} {0x00007f3febf8ccf8} 'readAndDispatch' '()Z' in 'org/eclipse/swt/widgets/Display')}
  0x00007f404d5d66c8: 4048 bf90 | acd7 ee3f 

  0x00007f404d5d66d0: ;   {metadata('org/eclipse/swt/widgets/Display')}
  0x00007f404d5d66d0: 7f00 0049 | bae0 721c | f03f 7f00 | 004c 8997 | b801 0000 | 4883 87c0 | 0100 0001 | 488b 7424 
  0x00007f404d5d66f0: 4066 0f1f 

  0x00007f404d5d66f4: ;   {optimized virtual_call}
  0x00007f404d5d66f4: 4400 00e8 

  0x00007f404d5d66f8: ; ImmutableOopMap {[64]=Oop }
                      ;*invokevirtual runDeferredLayouts {reexecute=0 rethrow=0 return_oop=0}
                      ; - org.eclipse.swt.widgets.Display::readAndDispatch@10 (line 4485)
  0x00007f404d5d66f8: a4f4 ffff 

  0x00007f404d5d66fc: ;   {other}
  0x00007f404d5d66fc: 0f1f 8400 | 6c03 0002 | 488b 7424 

  0x00007f404d5d6708: ;   {metadata(method data for {method} {0x00007f3febf8ccf8} 'readAndDispatch' '()Z' in 'org/eclipse/swt/widgets/Display')}
  0x00007f404d5d6708: 4048 bf90 | acd7 ee3f 

  0x00007f404d5d6710: ;   {metadata('org/eclipse/swt/widgets/Display')}
  0x00007f404d5d6710: 7f00 0049 | bae0 721c | f03f 7f00 | 004c 8997 | f001 0000 | 4883 87f8 | 0100 0001 | 488b 7424 
  0x00007f404d5d6730: 4066 0f1f 

  0x00007f404d5d6734: ;   {optimized virtual_call}
  0x00007f404d5d6734: 4400 00e8 

  0x00007f404d5d6738: ; ImmutableOopMap {[64]=Oop }
                      ;*invokevirtual runSettings {reexecute=0 rethrow=0 return_oop=0}
                      ; - org.eclipse.swt.widgets.Display::readAndDispatch@18 (line 4487)
  0x00007f404d5d6738: 4488 0400 

  0x00007f404d5d673c: ;   {other}
  0x00007f404d5d673c: 0f1f 8400 | ac03 0003 | 488b 7424 

  0x00007f404d5d6748: ;   {metadata(method data for {method} {0x00007f3febf8ccf8} 'readAndDispatch' '()Z' in 'org/eclipse/swt/widgets/Display')}
  0x00007f404d5d6748: 4048 bf90 | acd7 ee3f 

  0x00007f404d5d6750: ;   {metadata('org/eclipse/swt/widgets/Display')}
  0x00007f404d5d6750: 7f00 0049 | bae0 721c | f03f 7f00 | 004c 8997 | 2802 0000 | 4883 8730 | 0200 0001 | 488b 7424 
  0x00007f404d5d6770: 4089 4424 

  0x00007f404d5d6774: ;   {optimized virtual_call}
  0x00007f404d5d6774: 4866 90e8 

  0x00007f404d5d6778: ; ImmutableOopMap {[64]=Oop }
                      ;*invokevirtual runPopups {reexecute=0 rethrow=0 return_oop=0}
                      ; - org.eclipse.swt.widgets.Display::readAndDispatch@25 (line 4488)
  0x00007f404d5d6778: 4496 0400 

  0x00007f404d5d677c: ;   {other}
  0x00007f404d5d677c: 0f1f 8400 | ec03 0004 | 8b74 2448 

  0x00007f404d5d6788: ;   {metadata(method data for {method} {0x00007f3febf8ccf8} 'readAndDispatch' '()Z' in 'org/eclipse/swt/widgets/Display')}
  0x00007f404d5d6788: 480b f048 | bf90 acd7 | ee3f 7f00 | 00ff 8750 | 0200 0089 

  0x00007f404d5d679c: ;   {metadata(method data for {method} {0x00007f3febf8ccf8} 'readAndDispatch' '()Z' in 'org/eclipse/swt/widgets/Display')}
  0x00007f404d5d679c: 7424 4c48 | bf90 acd7 | ee3f 7f00 | 0048 8387 | 9802 0000 | 0166 0f1f 

  0x00007f404d5d67b4: ;   {static_call}
  0x00007f404d5d67b4: 4400 00e8 

  0x00007f404d5d67b8: ; ImmutableOopMap {[64]=Oop }
                      ;*invokestatic gtk_events_pending {reexecute=0 rethrow=0 return_oop=0}
                      ; - org.eclipse.swt.widgets.Display::readAndDispatch@48 (line 4493)
  0x00007f404d5d67b8: 84c5 e506 

  0x00007f404d5d67bc: ;   {other}
  0x00007f404d5d67bc: 0f1f 8400 | 2c04 0005 | 0b44 244c 

  0x00007f404d5d67c8: ;   {metadata(method data for {method} {0x00007f3febf8ccf8} 'readAndDispatch' '()Z' in 'org/eclipse/swt/widgets/Display')}
  0x00007f404d5d67c8: 48be 90ac | d7ee 3f7f | 0000 4883 | 86a8 0200 | 0001 be00 | 0000 0089 | 4424 500f 

  0x00007f404d5d67e4: ;   {static_call}
  0x00007f404d5d67e4: 1f40 00e8 

  0x00007f404d5d67e8: ; ImmutableOopMap {[64]=Oop }
                      ;*invokestatic gtk_main_iteration_do {reexecute=0 rethrow=0 return_oop=0}
                      ; - org.eclipse.swt.widgets.Display::readAndDispatch@54 (line 4494)
  0x00007f404d5d67e8: d499 e506 

  0x00007f404d5d67ec: ;   {other}
  0x00007f404d5d67ec: 0f1f 8400 | 5c04 0006 | 8b44 2450 

  0x00007f404d5d67f8: ;   {metadata(method data for {method} {0x00007f3febf8ccf8} 'readAndDispatch' '()Z' in 'org/eclipse/swt/widgets/Display')}
  0x00007f404d5d67f8: 85c0 48ba | 90ac d7ee | 3f7f 0000 | 48c7 c6c8 | 0200 0075 | 0748 c7c6 | b802 0000 | 488b 3c32 
  0x00007f404d5d6818: 488d 7f01 | 4889 3c32 | 488b 7424 | 400f 852a | 0200 0048 

  0x00007f404d5d682c: ;   {metadata(method data for {method} {0x00007f3febf8ccf8} 'readAndDispatch' '()Z' in 'org/eclipse/swt/widgets/Display')}
  0x00007f404d5d682c: 8bd6 48bf | 90ac d7ee | 3f7f 0000 | 8b52 0849 | ba00 0000 | ef3f 7f00 | 0049 03d2 | 483b 9720 
  0x00007f404d5d684c: 0300 0075 | 0d48 8387 | 2803 0000 | 01e9 6000 | 0000 483b | 9730 0300 | 0075 0d48 | 8387 3803 
  0x00007f404d5d686c: 0000 01e9 | 4a00 0000 | 4883 bf20 | 0300 0000 | 7517 4889 | 9720 0300 | 0048 c787 | 2803 0000 
  0x00007f404d5d688c: 0100 0000 | e929 0000 | 0048 83bf | 3003 0000 | 0075 1748 | 8997 3003 | 0000 48c7 | 8738 0300 
  0x00007f404d5d68ac: 0001 0000 | 00e9 0800 | 0000 4883 | 8710 0300 | 0001 0fbe | 5643 83e2 

  0x00007f404d5d68c4: ;   {metadata(method data for {method} {0x00007f3febf8ccf8} 'readAndDispatch' '()Z' in 'org/eclipse/swt/widgets/Display')}
  0x00007f404d5d68c4: 0185 d248 | ba90 acd7 | ee3f 7f00 | 0048 c7c7 | 4803 0000 | 7507 48c7 | c758 0300 | 0048 8b1c 
  0x00007f404d5d68e4: 3a48 8d5b | 0148 891c | 3a0f 8532 | 0100 0048 

  0x00007f404d5d68f4: ;   {metadata(method data for {method} {0x00007f3febf8ccf8} 'readAndDispatch' '()Z' in 'org/eclipse/swt/widgets/Display')}
  0x00007f404d5d68f4: 8bd6 48bf | 90ac d7ee | 3f7f 0000 

  0x00007f404d5d6900: ;   {metadata('org/eclipse/swt/widgets/Display')}
  0x00007f404d5d6900: 49ba e072 | 1cf0 3f7f | 0000 4c89 | 9778 0300 | 0048 8387 | 8003 0000 

  0x00007f404d5d6918: ;   {metadata(method data for {method} {0x00007f3febf8e900} 'runAsyncMessages' '(Z)Z' in 'org/eclipse/swt/widgets/Display')}
  0x00007f404d5d6918: 0148 bab0 | bad7 ee3f | 7f00 008b | baf4 0000 | 0083 c702 | 89ba f400 | 0000 81e7 | feff 1f00 
  0x00007f404d5d6938: 85ff 0f84 | 8501 0000 | 8bb6 0003 | 0000 483b | 0648 8bd6 

  0x00007f404d5d694c: ;   {metadata(method data for {method} {0x00007f3febf8e900} 'runAsyncMessages' '(Z)Z' in 'org/eclipse/swt/widgets/Display')}
  0x00007f404d5d694c: 48bf b0ba | d7ee 3f7f | 0000 8b52 | 0849 ba00 | 0000 ef3f | 7f00 0049 | 03d2 483b | 9748 0100 
  0x00007f404d5d696c: 0075 0d48 | 8387 5001 | 0000 01e9 | 6000 0000 | 483b 9758 | 0100 0075 | 0d48 8387 | 6001 0000 
  0x00007f404d5d698c: 01e9 4a00 | 0000 4883 | bf48 0100 | 0000 7517 | 4889 9748 | 0100 0048 | c787 5001 | 0000 0100 
  0x00007f404d5d69ac: 0000 e929 | 0000 0048 | 83bf 5801 | 0000 0075 | 1748 8997 | 5801 0000 | 48c7 8760 | 0100 0001 
  0x00007f404d5d69cc: 0000 00e9 | 0800 0000 | 4883 8738 | 0100 0001 | ba00 0000 | 0066 0f1f 

  0x00007f404d5d69e4: ;   {optimized virtual_call}
  0x00007f404d5d69e4: 4400 00e8 

  0x00007f404d5d69e8: ; ImmutableOopMap {}
                      ;*invokevirtual runAsyncMessages {reexecute=0 rethrow=0 return_oop=0}
                      ; - org.eclipse.swt.widgets.Display::runAsyncMessages@5 (line 5035)
                      ; - org.eclipse.swt.widgets.Display::readAndDispatch@78 (line 4500)
  0x00007f404d5d69e8: 94a1 1500 

  0x00007f404d5d69ec: ;   {other}
  0x00007f404d5d69ec: 0f1f 8400 | 5c06 0007 | 83e0 0185 

  0x00007f404d5d69f8: ;   {metadata(method data for {method} {0x00007f3febf8ccf8} 'readAndDispatch' '()Z' in 'org/eclipse/swt/widgets/Display')}
  0x00007f404d5d69f8: c048 b890 | acd7 ee3f | 7f00 0048 | c7c6 b003 | 0000 7407 | 48c7 c6a0 | 0300 0048 | 8b3c 3048 
  0x00007f404d5d6a18: 8d7f 0148 | 893c 300f | 8418 0000 | 00b8 0100 | 0000 4883 

  0x00007f404d5d6a2c: ;   {poll_return}
  0x00007f404d5d6a2c: c460 5d49 | 3ba7 5004 | 0000 0f87 | af00 0000 | c3b8 0000 | 0000 4883 

  0x00007f404d5d6a44: ;   {poll_return}
  0x00007f404d5d6a44: c460 5d49 | 3ba7 5004 | 0000 0f87 | ad00 0000 | c348 8bfe 

  0x00007f404d5d6a58: ;   {metadata(method data for {method} {0x00007f3febf8ccf8} 'readAndDispatch' '()Z' in 'org/eclipse/swt/widgets/Display')}
  0x00007f404d5d6a58: 48bb 90ac | d7ee 3f7f 

  0x00007f404d5d6a60: ;   {metadata('org/eclipse/swt/widgets/Display')}
  0x00007f404d5d6a60: 0000 49ba | e072 1cf0 | 3f7f 0000 | 4c89 93e8 | 0200 0048 | 8383 f002 | 0000 010f 

  0x00007f404d5d6a7c: ;   {optimized virtual_call}
  0x00007f404d5d6a7c: 1f40 00e8 

  0x00007f404d5d6a80: ; ImmutableOopMap {}
                      ;*invokevirtual runDeferredEvents {reexecute=0 rethrow=0 return_oop=0}
                      ; - org.eclipse.swt.widgets.Display::readAndDispatch@63 (line 4497)
  0x00007f404d5d6a80: dca8 1700 

  0x00007f404d5d6a84: ;   {other}
  0x00007f404d5d6a84: 0f1f 8400 | f406 0008 | b801 0000 | 0048 83c4 

  0x00007f404d5d6a94: ;   {poll_return}
  0x00007f404d5d6a94: 605d 493b | a750 0400 | 000f 8774 | 0000 00c3 

  0x00007f404d5d6aa4: ;   {metadata({method} {0x00007f3febf8ccf8} 'readAndDispatch' '()Z' in 'org/eclipse/swt/widgets/Display')}
  0x00007f404d5d6aa4: 49ba f8cc | f8eb 3f7f | 0000 4c89 | 5424 0848 | c704 24ff 

  0x00007f404d5d6ab8: ;   {runtime_call counter_overflow Runtime1 stub}
  0x00007f404d5d6ab8: ffff ffe8 

  0x00007f404d5d6abc: ; ImmutableOopMap {rsi=Oop }
                      ;*synchronization entry
                      ; - org.eclipse.swt.widgets.Display::readAndDispatch@-1 (line 4483)
  0x00007f404d5d6abc: c049 4706 | e97d fbff 

  0x00007f404d5d6ac4: ;   {metadata({method} {0x00007f3febf8e900} 'runAsyncMessages' '(Z)Z' in 'org/eclipse/swt/widgets/Display')}
  0x00007f404d5d6ac4: ff49 ba00 | e9f8 eb3f | 7f00 004c | 8954 2408 | 48c7 0424 | ffff ffff 

  0x00007f404d5d6adc: ;   {runtime_call counter_overflow Runtime1 stub}
  0x00007f404d5d6adc: e89f 4947 

  0x00007f404d5d6ae0: ; ImmutableOopMap {rsi=Oop }
                      ;*synchronization entry
                      ; - org.eclipse.swt.widgets.Display::runAsyncMessages@-1 (line 5035)
                      ; - org.eclipse.swt.widgets.Display::readAndDispatch@78 (line 4500)
  0x00007f404d5d6ae0: 06e9 5afe 

  0x00007f404d5d6ae4: ;   {runtime_call throw_null_pointer_exception Runtime1 stub}
  0x00007f404d5d6ae4: ffff e895 

  0x00007f404d5d6ae8: ; ImmutableOopMap {rsi=Oop }
                      ;*invokevirtual runAsyncMessages {reexecute=0 rethrow=0 return_oop=0}
                      ; - org.eclipse.swt.widgets.Display::runAsyncMessages@5 (line 5035)
                      ; - org.eclipse.swt.widgets.Display::readAndDispatch@78 (line 4500)
                      ;   {internal_word}
  0x00007f404d5d6ae8: d646 0649 | ba2f 6a5d | 4d40 7f00 | 004d 8997 | 6804 0000 

  0x00007f404d5d6afc: ;   {runtime_call SafepointBlob}
  0x00007f404d5d6afc: e9ff 543b 

  0x00007f404d5d6b00: ;   {internal_word}
  0x00007f404d5d6b00: 0649 ba47 | 6a5d 4d40 | 7f00 004d | 8997 6804 

  0x00007f404d5d6b10: ;   {runtime_call SafepointBlob}
  0x00007f404d5d6b10: 0000 e9e9 

  0x00007f404d5d6b14: ;   {internal_word}
  0x00007f404d5d6b14: 543b 0649 | ba96 6a5d | 4d40 7f00 | 004d 8997 | 6804 0000 

  0x00007f404d5d6b28: ;   {runtime_call SafepointBlob}
  0x00007f404d5d6b28: e9d3 543b | 0649 8b87 | 0005 0000 | 49c7 8700 | 0500 0000 | 0000 0049 | c787 0805 | 0000 0000 
  0x00007f404d5d6b48: 0000 4883 

  0x00007f404d5d6b4c: ;   {runtime_call unwind_exception Runtime1 stub}
  0x00007f404d5d6b4c: c460 5de9 | acc2 4606 | f4f4 f4f4 
[Stub Code]
  0x00007f404d5d6b58: ;   {no_reloc}
  0x00007f404d5d6b58: 0f1f 4400 

  0x00007f404d5d6b5c: ;   {static_stub}
  0x00007f404d5d6b5c: 0048 bb00 | 0000 0000 

  0x00007f404d5d6b64: ;   {runtime_call nmethod}
  0x00007f404d5d6b64: 0000 00e9 | fbff ffff 

  0x00007f404d5d6b6c: ;   {static_stub}
  0x00007f404d5d6b6c: 9048 bb00 | 0000 0000 

  0x00007f404d5d6b74: ;   {runtime_call nmethod}
  0x00007f404d5d6b74: 0000 00e9 | fbff ffff 

  0x00007f404d5d6b7c: ;   {static_stub}
  0x00007f404d5d6b7c: 9048 bb00 | 0000 0000 

  0x00007f404d5d6b84: ;   {runtime_call nmethod}
  0x00007f404d5d6b84: 0000 00e9 | fbff ffff 

  0x00007f404d5d6b8c: ;   {static_stub}
  0x00007f404d5d6b8c: 9048 bb50 | eef8 eb3f 

  0x00007f404d5d6b94: ;   {runtime_call I2C/C2I adapters}
  0x00007f404d5d6b94: 7f00 00e9 | c731 3b06 

  0x00007f404d5d6b9c: ;   {static_stub}
  0x00007f404d5d6b9c: 9048 bb08 | edf8 eb3f 

  0x00007f404d5d6ba4: ;   {runtime_call I2C/C2I adapters}
  0x00007f404d5d6ba4: 7f00 00e9 | b731 3b06 

  0x00007f404d5d6bac: ;   {static_stub}
  0x00007f404d5d6bac: 9048 bbf0 | 5eea eb3f 

  0x00007f404d5d6bb4: ;   {runtime_call I2C/C2I adapters}
  0x00007f404d5d6bb4: 7f00 00e9 | aa3a 3b06 

  0x00007f404d5d6bbc: ;   {static_stub}
  0x00007f404d5d6bbc: 9048 bb60 | eaf8 eb3f 

  0x00007f404d5d6bc4: ;   {runtime_call I2C/C2I adapters}
  0x00007f404d5d6bc4: 7f00 00e9 | 9731 3b06 

  0x00007f404d5d6bcc: ;   {static_stub}
  0x00007f404d5d6bcc: 48bb 0000 | 0000 0000 

  0x00007f404d5d6bd4: ;   {runtime_call nmethod}
  0x00007f404d5d6bd4: 0000 e9fb 

  0x00007f404d5d6bd8: ;   {static_stub}
  0x00007f404d5d6bd8: ffff ff48 | bb00 0000 | 0000 0000 

  0x00007f404d5d6be4: ;   {runtime_call nmethod}
  0x00007f404d5d6be4: 00e9 fbff 

  0x00007f404d5d6be8: ;   {runtime_call handle_exception_from_callee Runtime1 stub}
  0x00007f404d5d6be8: ffff e811 

  0x00007f404d5d6bec: ;   {external_word}
  0x00007f404d5d6bec: f846 0648 | bfa6 0132 | 6d40 7f00 | 0048 83e4 

  0x00007f404d5d6bfc: ;   {runtime_call}
  0x00007f404d5d6bfc: f0e8 5e46 

  0x00007f404d5d6c00: ;   {section_word}
  0x00007f404d5d6c00: 7f1f f449 | ba03 6c5d | 4d40 7f00 

  0x00007f404d5d6c0c: ;   {runtime_call DeoptimizationBlob}
  0x00007f404d5d6c0c: 0041 52e9 | 8c46 3b06 | f4f4 f4f4 
[/MachCode]


Compiled method (c1) 11698 10465   !   3       org.eclipse.swt.widgets.RunnableLock::run (50 bytes)
 total in heap  [0x00007f404d714190,0x00007f404d7149a8] = 2072
 relocation     [0x00007f404d7142e8,0x00007f404d714360] = 120
 main code      [0x00007f404d714360,0x00007f404d7147a8] = 1096
 stub code      [0x00007f404d7147a8,0x00007f404d714808] = 96
 oops           [0x00007f404d714808,0x00007f404d714810] = 8
 metadata       [0x00007f404d714810,0x00007f404d714820] = 16
 scopes data    [0x00007f404d714820,0x00007f404d714878] = 88
 scopes pcs     [0x00007f404d714878,0x00007f404d714928] = 176
 dependencies   [0x00007f404d714928,0x00007f404d714930] = 8
 handler table  [0x00007f404d714930,0x00007f404d714978] = 72
 nul chk table  [0x00007f404d714978,0x00007f404d7149a8] = 48

[Constant Pool (empty)]

[MachCode]
[Entry Point]
  # {method} {0x00007f3fed1b4a98} 'run' '(Lorg/eclipse/swt/widgets/Display;)V' in 'org/eclipse/swt/widgets/RunnableLock'
  # this:     rsi:rsi   = 'org/eclipse/swt/widgets/RunnableLock'
  # parm0:    rdx:rdx   = 'org/eclipse/swt/widgets/Display'
  #           [sp+0x50]  (sp of caller)
  0x00007f404d714360: 448b 5608 | 49bb 0000 | 00ef 3f7f | 0000 4d03 | d34c 3bd0 

  0x00007f404d714374: ;   {runtime_call ic_miss_stub}
  0x00007f404d714374: 0f85 060d | 2706 660f | 1f44 0000 
[Verified Entry Point]
  0x00007f404d714380: 8984 2400 | c0fe ff55 | 4883 ec40 | 4181 7f20 | 0900 0000 

  0x00007f404d714394: ;   {runtime_call StubRoutines (final stubs)}
  0x00007f404d714394: 7405 e8e5 

  0x00007f404d714398: ;   {metadata(method data for {method} {0x00007f3fed1b4a98} 'run' '(Lorg/eclipse/swt/widgets/Display;)V' in 'org/eclipse/swt/widgets/RunnableLock')}
  0x00007f404d714398: 7025 0648 | bf68 8409 | fa3e 7f00 | 008b 9ff4 | 0000 0083 | c302 899f | f400 0000 | 81e3 fe07 
  0x00007f404d7143b8: 0000 85db | 0f84 2e03 | 0000 8b7e | 0c48 85ff 

  0x00007f404d7143c8: ;   {metadata(method data for {method} {0x00007f3fed1b4a98} 'run' '(Lorg/eclipse/swt/widgets/Display;)V' in 'org/eclipse/swt/widgets/RunnableLock')}
  0x00007f404d7143c8: 48bb 6884 | 09fa 3e7f | 0000 48c7 | c038 0100 | 0074 0748 | c7c0 4801 | 0000 488b | 0c03 488d 
  0x00007f404d7143e8: 4901 4889 | 0c03 0f84 | d502 0000 | 4889 5424 | 2848 8974 | 2430 483b | 0748 8bdf 

  0x00007f404d714404: ;   {metadata(method data for {method} {0x00007f3fed1b4a98} 'run' '(Lorg/eclipse/swt/widgets/Display;)V' in 'org/eclipse/swt/widgets/RunnableLock')}
  0x00007f404d714404: 48b8 6884 | 09fa 3e7f | 0000 8b5b | 0849 ba00 | 0000 ef3f | 7f00 0049 | 03da 483b | 9868 0100 
  0x00007f404d714424: 0075 0d48 | 8380 7001 | 0000 01e9 | 6000 0000 | 483b 9878 | 0100 0075 | 0d48 8380 | 8001 0000 
  0x00007f404d714444: 01e9 4a00 | 0000 4883 | b868 0100 | 0000 7517 | 4889 9868 | 0100 0048 | c780 7001 | 0000 0100 
  0x00007f404d714464: 0000 e929 | 0000 0048 | 83b8 7801 | 0000 0075 | 1748 8998 | 7801 0000 | 48c7 8080 | 0100 0001 
  0x00007f404d714484: 0000 00e9 | 0800 0000 | 4883 8058 | 0100 0001 | 488b f766 | 0f1f 4400 | 0048 b810 | 7e04 6540 
  0x00007f404d7144a4: ;   {virtual_call}
  0x00007f404d7144a4: 7f00 00e8 

  0x00007f404d7144a8: ; ImmutableOopMap {[40]=Oop [48]=Oop }
                      ;*invokeinterface run {reexecute=0 rethrow=0 return_oop=0}
                      ; - org.eclipse.swt.widgets.RunnableLock::run@11 (line 40)
  0x00007f404d7144a8: ccde 3306 

  0x00007f404d7144ac: ;   {other}
  0x00007f404d7144ac: 0f1f 8400 | 1c03 0000 

  0x00007f404d7144b4: ;   {metadata(method data for {method} {0x00007f3fed1b4a98} 'run' '(Lorg/eclipse/swt/widgets/Display;)V' in 'org/eclipse/swt/widgets/RunnableLock')}
  0x00007f404d7144b4: 48b8 6884 | 09fa 3e7f | 0000 ff80 | 9001 0000 | 488b 7424 | 30e9 fb01 | 0000 498b | 8700 0500 
  0x00007f404d7144d4: 004d 33d2 | 4d89 9700 | 0500 004d | 33d2 4d89 | 9708 0500 | 0048 3b02 

  0x00007f404d7144ec: ;   {metadata(method data for {method} {0x00007f3fed1b4a98} 'run' '(Lorg/eclipse/swt/widgets/Display;)V' in 'org/eclipse/swt/widgets/RunnableLock')}
  0x00007f404d7144ec: 488b f248 | bf68 8409 | fa3e 7f00 | 0048 8387 | 3002 0000 | 018b b208 | 0300 0048 | 3b06 488b 
  0x00007f404d71450c: ;   {metadata(method data for {method} {0x00007f3fed1b4a98} 'run' '(Lorg/eclipse/swt/widgets/Display;)V' in 'org/eclipse/swt/widgets/RunnableLock')}
  0x00007f404d71450c: d648 bf68 | 8409 fa3e | 7f00 008b | 5208 49ba | 0000 00ef | 3f7f 0000 | 4903 d248 | 3b97 7802 
  0x00007f404d71452c: 0000 750d | 4883 8780 | 0200 0001 | e960 0000 | 0048 3b97 | 8802 0000 | 750d 4883 | 8790 0200 
  0x00007f404d71454c: 0001 e94a | 0000 0048 | 83bf 7802 | 0000 0075 | 1748 8997 | 7802 0000 | 48c7 8780 | 0200 0001 
  0x00007f404d71456c: 0000 00e9 | 2900 0000 | 4883 bf88 | 0200 0000 | 7517 4889 | 9788 0200 | 0048 c787 | 9002 0000 
  0x00007f404d71458c: 0100 0000 | e908 0000 | 0048 8387 | 6802 0000 | 0148 8bd0 | 0f1f 4400 | 0048 b8ff | ffff ffff 
  0x00007f404d7145ac: ;   {virtual_call}
  0x00007f404d7145ac: ffff ffe8 

  0x00007f404d7145b0: ; ImmutableOopMap {[48]=Oop }
                      ;*invokeinterface accept {reexecute=0 rethrow=0 return_oop=0}
                      ; - org.eclipse.swt.widgets.RunnableLock::run@39 (line 44)
  0x00007f404d7145b0: cc10 2706 

  0x00007f404d7145b4: ;   {other}
  0x00007f404d7145b4: 0f1f 8400 | 2404 0001 | 488b 7424 | 30e9 0301 | 0000 498b | 8700 0500 | 004d 33d2 | 4d89 9700 
  0x00007f404d7145d4: 0500 004d | 33d2 4d89 | 9708 0500 | 0048 3b02 

  0x00007f404d7145e4: ;   {metadata(method data for {method} {0x00007f3fed1b4a98} 'run' '(Lorg/eclipse/swt/widgets/Display;)V' in 'org/eclipse/swt/widgets/RunnableLock')}
  0x00007f404d7145e4: 488b f248 | bf68 8409 | fa3e 7f00 | 0048 8387 | a801 0000 | 018b b204 | 0300 0048 | 3b06 488b 
  0x00007f404d714604: ;   {metadata(method data for {method} {0x00007f3fed1b4a98} 'run' '(Lorg/eclipse/swt/widgets/Display;)V' in 'org/eclipse/swt/widgets/RunnableLock')}
  0x00007f404d714604: d648 bf68 | 8409 fa3e | 7f00 008b | 5208 49ba | 0000 00ef | 3f7f 0000 | 4903 d248 | 3b97 f001 
  0x00007f404d714624: 0000 750d | 4883 87f8 | 0100 0001 | e960 0000 | 0048 3b97 | 0002 0000 | 750d 4883 | 8708 0200 
  0x00007f404d714644: 0001 e94a | 0000 0048 | 83bf f001 | 0000 0075 | 1748 8997 | f001 0000 | 48c7 87f8 | 0100 0001 
  0x00007f404d714664: 0000 00e9 | 2900 0000 | 4883 bf00 | 0200 0000 | 7517 4889 | 9700 0200 | 0048 c787 | 0802 0000 
  0x00007f404d714684: 0100 0000 | e908 0000 | 0048 8387 | e001 0000 | 0148 8bd0 | 0f1f 4400 | 0048 b8ff | ffff ffff 
  0x00007f404d7146a4: ;   {virtual_call}
  0x00007f404d7146a4: ffff ffe8 

  0x00007f404d7146a8: ; ImmutableOopMap {[48]=Oop }
                      ;*invokeinterface accept {reexecute=0 rethrow=0 return_oop=0}
                      ; - org.eclipse.swt.widgets.RunnableLock::run@25 (line 42)
  0x00007f404d7146a8: d40f 2706 

  0x00007f404d7146ac: ;   {other}
  0x00007f404d7146ac: 0f1f 8400 | 1c05 0002 

  0x00007f404d7146b4: ;   {metadata(method data for {method} {0x00007f3fed1b4a98} 'run' '(Lorg/eclipse/swt/widgets/Display;)V' in 'org/eclipse/swt/widgets/RunnableLock')}
  0x00007f404d7146b4: 48be 6884 | 09fa 3e7f | 0000 ff86 | 1802 0000 | 488b 7424 | 3041 0fbe | 7f40 85ff | 0f85 5400 
  0x00007f404d7146d4: 0000 c746 | 0c00 0000 | 0048 83c4 

  0x00007f404d7146e0: ;   {poll_return}
  0x00007f404d7146e0: 405d 493b | a750 0400 | 000f 874f | 0000 00c3 

  0x00007f404d7146f0: ;   {metadata({method} {0x00007f3fed1b4a98} 'run' '(Lorg/eclipse/swt/widgets/Display;)V' in 'org/eclipse/swt/widgets/RunnableLock')}
  0x00007f404d7146f0: 49ba 984a | 1bed 3f7f | 0000 4c89 | 5424 0848 | c704 24ff 

  0x00007f404d714704: ;   {runtime_call counter_overflow Runtime1 stub}
  0x00007f404d714704: ffff ffe8 

  0x00007f404d714708: ; ImmutableOopMap {rsi=Oop rdx=Oop }
                      ;*synchronization entry
                      ; - org.eclipse.swt.widgets.RunnableLock::run@-1 (line 38)
  0x00007f404d714708: 746d 3306 | e9b1 fcff 

  0x00007f404d714710: ;   {runtime_call throw_null_pointer_exception Runtime1 stub}
  0x00007f404d714710: ffe8 6afa 

  0x00007f404d714714: ; ImmutableOopMap {rdi=Oop [40]=Oop [48]=Oop }
                      ;*invokeinterface run {reexecute=0 rethrow=0 return_oop=0}
                      ; - org.eclipse.swt.widgets.RunnableLock::run@11 (line 40)
                      ;   {runtime_call throw_null_pointer_exception Runtime1 stub}
  0x00007f404d714714: 3206 e865 

  0x00007f404d714718: ; ImmutableOopMap {rdx=Oop rax=Oop [48]=Oop }
                      ;*invokevirtual getErrorHandler {reexecute=0 rethrow=0 return_oop=0}
                      ; - org.eclipse.swt.widgets.RunnableLock::run@35 (line 44)
                      ;   {runtime_call throw_null_pointer_exception Runtime1 stub}
  0x00007f404d714718: fa32 06e8 

  0x00007f404d71471c: ; ImmutableOopMap {rax=Oop rsi=Oop [48]=Oop }
                      ;*invokeinterface accept {reexecute=0 rethrow=0 return_oop=0}
                      ; - org.eclipse.swt.widgets.RunnableLock::run@39 (line 44)
  0x00007f404d71471c: 60fa 3206 

  0x00007f404d714720: ;   {runtime_call throw_null_pointer_exception Runtime1 stub}
  0x00007f404d714720: e85b fa32 

  0x00007f404d714724: ; ImmutableOopMap {rdx=Oop rax=Oop [48]=Oop }
                      ;*invokevirtual getRuntimeExceptionHandler {reexecute=0 rethrow=0 return_oop=0}
                      ; - org.eclipse.swt.widgets.RunnableLock::run@21 (line 42)
                      ;   {runtime_call throw_null_pointer_exception Runtime1 stub}
  0x00007f404d714724: 06e8 56fa 

  0x00007f404d714728: ; ImmutableOopMap {rax=Oop rsi=Oop [48]=Oop }
                      ;*invokeinterface accept {reexecute=0 rethrow=0 return_oop=0}
                      ; - org.eclipse.swt.widgets.RunnableLock::run@25 (line 42)
  0x00007f404d714728: 3206 8b7e | 0c48 83ff | 0074 a348 

  0x00007f404d714734: ;   {runtime_call g1_pre_barrier_slow}
  0x00007f404d714734: 893c 24e8 | c477 3306 

  0x00007f404d71473c: ;   {internal_word}
  0x00007f404d71473c: eb98 49ba | e246 714d | 407f 0000 | 4d89 9768 

  0x00007f404d71474c: ;   {runtime_call SafepointBlob}
  0x00007f404d71474c: 0400 00e9 | ac78 2706 | 488b 5424 | 28e9 68fe | ffff 488b | 5424 28e9 | 66fd ffff | 488b 5424 
  0x00007f404d71476c: 28e9 54fe | ffff 488b | 5424 28e9 | 52fd ffff | 498b 8700 | 0500 0049 | c787 0005 | 0000 0000 
  0x00007f404d71478c: 0000 49c7 | 8708 0500 | 0000 0000 | 0048 83c4 

  0x00007f404d71479c: ;   {runtime_call unwind_exception Runtime1 stub}
  0x00007f404d71479c: 405d e95d | e632 06f4 | f4f4 f4f4 
[Stub Code]
  0x00007f404d7147a8: ;   {no_reloc}
  0x00007f404d7147a8: 0f1f 4400 

  0x00007f404d7147ac: ;   {static_stub}
  0x00007f404d7147ac: 0048 bb00 | 0000 0000 

  0x00007f404d7147b4: ;   {runtime_call nmethod}
  0x00007f404d7147b4: 0000 00e9 | fbff ffff 

  0x00007f404d7147bc: ;   {static_stub}
  0x00007f404d7147bc: 9048 bb00 | 0000 0000 

  0x00007f404d7147c4: ;   {runtime_call nmethod}
  0x00007f404d7147c4: 0000 00e9 | fbff ffff 

  0x00007f404d7147cc: ;   {static_stub}
  0x00007f404d7147cc: 9048 bb00 | 0000 0000 

  0x00007f404d7147d4: ;   {runtime_call nmethod}
  0x00007f404d7147d4: 0000 00e9 | fbff ffff 
[Exception Handler]
  0x00007f404d7147dc: ;   {runtime_call handle_exception_from_callee Runtime1 stub}
  0x00007f404d7147dc: e81f 1c33 

  0x00007f404d7147e0: ;   {external_word}
  0x00007f404d7147e0: 0648 bfa6 | 0132 6d40 | 7f00 0048 

  0x00007f404d7147ec: ;   {runtime_call}
  0x00007f404d7147ec: 83e4 f0e8 | 6c6a 6b1f 

  0x00007f404d7147f4: ;   {section_word}
  0x00007f404d7147f4: f449 baf5 | 4771 4d40 | 7f00 0041 

  0x00007f404d714800: ;   {runtime_call DeoptimizationBlob}
  0x00007f404d714800: 52e9 9a6a | 2706 f4f4 
[/MachCode]


---------------  P R O C E S S  ---------------

Threads class SMR info:
_java_thread_list=0x00007f4066a222f0, length=47, elements={
0x00007f406401d2b0, 0x00007f40640ed430, 0x00007f40640ee9b0, 0x00007f40640f0150,
0x00007f40640f17a0, 0x00007f40640f2d50, 0x00007f40640f48a0, 0x00007f40640f5f70,
0x00007f406413a1b0, 0x00007f406413c7b0, 0x00007f4064578750, 0x00007f3f9c0019a0,
0x00007f406457b560, 0x00007f406457c3c0, 0x00007f406457ced0, 0x00007f4064583460,
0x00007f40645a4ae0, 0x00007f40645e2a40, 0x00007f40645e4960, 0x00007f40645f24c0,
0x00007f3f48005940, 0x00007f3f4c000f50, 0x00007f40645bfe60, 0x00007f3f54091c50,
0x00007f3f547197d0, 0x00007f406461a350, 0x00007f3f50059490, 0x00007f40646813e0,
0x00007f4064b8c0c0, 0x00007f3f24000f50, 0x00007f3f24002c20, 0x00007f3fc41ec9e0,
0x00007f4064d8fae0, 0x00007f4064d93510, 0x00007f3f18001480, 0x00007f4065192680,
0x00007f4065298f90, 0x00007f40300055d0, 0x00007f403000bee0, 0x00007f4065265fb0,
0x00007f40652a7e50, 0x00007f3f24005290, 0x00007f3f1c0206c0, 0x00007f3f24004aa0,
0x00007f3f1c2b0330, 0x00007f3fd004cd10, 0x00007f4064182500
}

Java Threads: ( => current thread )
=>0x00007f406401d2b0 JavaThread "main"                              [_thread_in_native, id=171975, stack(0x00007f406c300000,0x00007f406c400000) (1024K)]
  0x00007f40640ed430 JavaThread "Reference Handler"          daemon [_thread_blocked, id=171983, stack(0x00007f4068d00000,0x00007f4068e00000) (1024K)]
  0x00007f40640ee9b0 JavaThread "Finalizer"                  daemon [_thread_blocked, id=171984, stack(0x00007f4068bff000,0x00007f4068cff000) (1024K)]
  0x00007f40640f0150 JavaThread "Signal Dispatcher"          daemon [_thread_blocked, id=171985, stack(0x00007f4068afe000,0x00007f4068bfe000) (1024K)]
  0x00007f40640f17a0 JavaThread "Service Thread"             daemon [_thread_blocked, id=171986, stack(0x00007f40689fd000,0x00007f4068afd000) (1024K)]
  0x00007f40640f2d50 JavaThread "Monitor Deflation Thread"   daemon [_thread_blocked, id=171987, stack(0x00007f40688fc000,0x00007f40689fc000) (1024K)]
  0x00007f40640f48a0 JavaThread "C2 CompilerThread0"         daemon [_thread_in_native, id=171988, stack(0x00007f40687fb000,0x00007f40688fb000) (1024K)]
  0x00007f40640f5f70 JavaThread "C1 CompilerThread0"         daemon [_thread_blocked, id=171989, stack(0x00007f40686fa000,0x00007f40687fa000) (1024K)]
  0x00007f406413a1b0 JavaThread "Notification Thread"        daemon [_thread_blocked, id=171990, stack(0x00007f4068528000,0x00007f4068628000) (1024K)]
  0x00007f406413c7b0 JavaThread "Common-Cleaner"             daemon [_thread_blocked, id=171991, stack(0x00007f4068427000,0x00007f4068527000) (1024K)]
  0x00007f4064578750 JavaThread "Equinox resolver thread - Equinox Container: 4041b6b4-c7fc-4daf-951c-0be7c83e8c8b" daemon [_thread_blocked, id=172046, stack(0x00007f3fb8bf6000,0x00007f3fb8df6000) (2048K)]
  0x00007f3f9c0019a0 JavaThread "Equinox resolver thread - Equinox Container: 4041b6b4-c7fc-4daf-951c-0be7c83e8c8b" daemon [_thread_blocked, id=172047, stack(0x00007f3fb87f4000,0x00007f3fb89f4000) (2048K)]
  0x00007f406457b560 JavaThread "Equinox resolver thread - Equinox Container: 4041b6b4-c7fc-4daf-951c-0be7c83e8c8b" daemon [_thread_blocked, id=172048, stack(0x00007f3fb85f3000,0x00007f3fb87f3000) (2048K)]
  0x00007f406457c3c0 JavaThread "Equinox resolver thread - Equinox Container: 4041b6b4-c7fc-4daf-951c-0be7c83e8c8b" daemon [_thread_blocked, id=172049, stack(0x00007f3fb8ff8000,0x00007f3fb91f8000) (2048K)]
  0x00007f406457ced0 JavaThread "Equinox resolver thread - Equinox Container: 4041b6b4-c7fc-4daf-951c-0be7c83e8c8b" daemon [_thread_blocked, id=172050, stack(0x00007f3fb8df7000,0x00007f3fb8ff7000) (2048K)]
  0x00007f4064583460 JavaThread "Equinox resolver thread - Equinox Container: 4041b6b4-c7fc-4daf-951c-0be7c83e8c8b" daemon [_thread_blocked, id=172051, stack(0x00007f3fb91f9000,0x00007f3fb93f9000) (2048K)]
  0x00007f40645a4ae0 JavaThread "Active Thread: Equinox Container: 4041b6b4-c7fc-4daf-951c-0be7c83e8c8b"        [_thread_blocked, id=172056, stack(0x00007f3f7ff00000,0x00007f3f80000000) (1024K)]
  0x00007f40645e2a40 JavaThread "Framework Event Dispatcher: Equinox Container: 4041b6b4-c7fc-4daf-951c-0be7c83e8c8b" daemon [_thread_blocked, id=172079, stack(0x00007f3f7fdff000,0x00007f3f7feff000) (1024K)]
  0x00007f40645e4960 JavaThread "Start Level: Equinox Container: 4041b6b4-c7fc-4daf-951c-0be7c83e8c8b" daemon [_thread_blocked, id=172080, stack(0x00007f3f7fcfe000,0x00007f3f7fdfe000) (1024K)]
  0x00007f40645f24c0 JavaThread "Refresh Thread: Equinox Container: 4041b6b4-c7fc-4daf-951c-0be7c83e8c8b" daemon [_thread_blocked, id=172081, stack(0x00007f3f7fbfd000,0x00007f3f7fcfd000) (1024K)]
  0x00007f3f48005940 JavaThread "Equinox resolver thread - Equinox Container: 4041b6b4-c7fc-4daf-951c-0be7c83e8c8b" daemon [_thread_blocked, id=172082, stack(0x00007f3f7fafc000,0x00007f3f7fbfc000) (1024K)]
  0x00007f3f4c000f50 JavaThread "Equinox resolver thread - Equinox Container: 4041b6b4-c7fc-4daf-951c-0be7c83e8c8b" daemon [_thread_blocked, id=172083, stack(0x00007f3f7f9fb000,0x00007f3f7fafb000) (1024K)]
  0x00007f40645bfe60 JavaThread "Bundle File Closer"         daemon [_thread_blocked, id=172113, stack(0x00007f3fe81fd000,0x00007f3fe83fd000) (2048K)]
  0x00007f3f54091c50 JavaThread "SCR Component Actor"        daemon [_thread_blocked, id=172136, stack(0x00007f3f7f7f9000,0x00007f3f7f8f9000) (1024K)]
  0x00007f3f547197d0 JavaThread "EMF Reference Cleaner"      daemon [_thread_blocked, id=172139, stack(0x00007f3f7f4f6000,0x00007f3f7f5f6000) (1024K)]
  0x00007f406461a350 JavaThread "Gogo shell"                        [_thread_blocked, id=172142, stack(0x00007f3f7f3f5000,0x00007f3f7f4f5000) (1024K)]
  0x00007f3f50059490 JavaThread "Worker-JM"                         [_thread_blocked, id=172145, stack(0x00007f3f7f1f3000,0x00007f3f7f2f3000) (1024K)]
  0x00007f40646813e0 JavaThread "Database navigator events processor"        [_thread_blocked, id=172146, stack(0x00007f3f7f2f4000,0x00007f3f7f3f4000) (1024K)]
  0x00007f4064b8c0c0 JavaThread "Worker-1"                          [_thread_blocked, id=172147, stack(0x00007f3f7f0f2000,0x00007f3f7f1f2000) (1024K)]
  0x00007f3f24000f50 JavaThread "Worker-2"                          [_thread_blocked, id=172148, stack(0x00007f3f7ed00000,0x00007f3f7ee00000) (1024K)]
  0x00007f3f24002c20 JavaThread "Worker-3"                          [_thread_blocked, id=172151, stack(0x00007f3fb83f2000,0x00007f3fb85f2000) (2048K)]
  0x00007f3fc41ec9e0 JavaThread "C2 CompilerThread1"         daemon [_thread_blocked, id=172152, stack(0x00007f4068326000,0x00007f4068426000) (1024K)]
  0x00007f4064d8fae0 JavaThread "idle-timeout-task"          daemon [_thread_blocked, id=172174, stack(0x00007f3f7e8fd000,0x00007f3f7e9fd000) (1024K)]
  0x00007f4064d93510 JavaThread "HTTP-Dispatcher"                   [_thread_in_native, id=172175, stack(0x00007f3f7e7fc000,0x00007f3f7e8fc000) (1024K)]
  0x00007f3f18001480 JavaThread "Worker-4"                          [_thread_blocked, id=172176, stack(0x00007f3f7eaff000,0x00007f3f7ecff000) (2048K)]
  0x00007f4065192680 JavaThread "SWTResourceTracker"         daemon [_thread_blocked, id=172202, stack(0x00007f3f7e6fb000,0x00007f3f7e7fb000) (1024K)]
  0x00007f4065298f90 JavaThread "EventAdmin Async Event Dispatcher Thread" daemon [_thread_blocked, id=173010, stack(0x00007f3f7d256000,0x00007f3f7d456000) (2048K)]
  0x00007f40300055d0 JavaThread "pool-2-thread-1"                   [_thread_blocked, id=173011, stack(0x00007f3f7def7000,0x00007f3f7e0f7000) (2048K)]
  0x00007f403000bee0 JavaThread "pool-3-thread-1"                   [_thread_blocked, id=173012, stack(0x00007f3f7d055000,0x00007f3f7d255000) (2048K)]
  0x00007f4065265fb0 JavaThread "Java2D Disposer"            daemon [_thread_blocked, id=173022, stack(0x00007f3f7e2f9000,0x00007f3f7e4f9000) (2048K)]
  0x00007f40652a7e50 JavaThread "AWT-XAWT"                   daemon [_thread_in_native, id=173023, stack(0x00007f3f7c8f0000,0x00007f3f7caf0000) (2048K)]
  0x00007f3f24005290 JavaThread "Worker-5"                          [_thread_blocked, id=173275, stack(0x00007f3f7c39d000,0x00007f3f7c59d000) (2048K)]
  0x00007f3f1c0206c0 JavaThread "DBeaver: Initialize entity editor"        [_thread_blocked, id=173276, stack(0x00007f3f7e0f8000,0x00007f3f7e2f8000) (2048K)]
  0x00007f3f24004aa0 JavaThread "org.eclipse.jface.text.reconciler.MonoReconciler" daemon [_thread_blocked, id=173649, stack(0x00007f3f7daf5000,0x00007f3f7dcf5000) (2048K)]
  0x00007f3f1c2b0330 JavaThread "Keep-Alive-Timer"           daemon [_thread_blocked, id=173725, stack(0x00007f3f7ccf2000,0x00007f3f7cef2000) (2048K)]
  0x00007f3fd004cd10 JavaThread "C2 CompilerThread2"         daemon [_thread_blocked, id=173771, stack(0x00007f3f7e9fe000,0x00007f3f7eafe000) (1024K)]
  0x00007f4064182500 JavaThread "ModalContext"                      [_thread_in_native, id=173851, stack(0x00007f3f7c59e000,0x00007f3f7c79e000) (2048K)]
Total: 47

Other Threads:
  0x00007f40640e4150 VMThread "VM Thread"                           [id=171982, stack(0x00007f40690f2000,0x00007f40691f2000) (1024K)]
  0x00007f40640d2d30 WatcherThread "VM Periodic Task Thread"        [id=171981, stack(0x00007f40691f3000,0x00007f40692f3000) (1024K)]
  0x00007f4064059370 WorkerThread "GC Thread#0"                     [id=171976, stack(0x00007f4069f00000,0x00007f406a000000) (1024K)]
  0x00007f3fe40079e0 WorkerThread "GC Thread#1"                     [id=172052, stack(0x00007f3fb89f5000,0x00007f3fb8bf5000) (2048K)]
  0x00007f3fe400d030 WorkerThread "GC Thread#2"                     [id=172053, stack(0x00007f3fb82f1000,0x00007f3fb83f1000) (1024K)]
  0x00007f3fe400db20 WorkerThread "GC Thread#3"                     [id=172054, stack(0x00007f3fb81f0000,0x00007f3fb82f0000) (1024K)]
  0x00007f3fe400e660 WorkerThread "GC Thread#4"                     [id=172055, stack(0x00007f3fb80ef000,0x00007f3fb81ef000) (1024K)]
  0x00007f3fe400ab90 WorkerThread "GC Thread#5"                     [id=172134, stack(0x00007f3fb95fb000,0x00007f3fb97fb000) (2048K)]
  0x00007f3fe4051f40 WorkerThread "GC Thread#6"                     [id=172137, stack(0x00007f3f7f6f8000,0x00007f3f7f7f8000) (1024K)]
  0x00007f3fe4050f60 WorkerThread "GC Thread#7"                     [id=172138, stack(0x00007f3f7f5f7000,0x00007f3f7f6f7000) (1024K)]
  0x00007f40640629a0 ConcurrentGCThread "G1 Main Marker"            [id=171977, stack(0x00007f4069dff000,0x00007f4069eff000) (1024K)]
  0x00007f4064063950 WorkerThread "G1 Conc#0"                       [id=171978, stack(0x00007f4069cfe000,0x00007f4069dfe000) (1024K)]
  0x00007f4040000cf0 WorkerThread "G1 Conc#1"                       [id=172135, stack(0x00007f3f7f8fa000,0x00007f3f7f9fa000) (1024K)]
  0x00007f40640c0a70 ConcurrentGCThread "G1 Refine#0"               [id=171979, stack(0x00007f40693f5000,0x00007f40694f5000) (1024K)]
  0x00007f40640c1a40 ConcurrentGCThread "G1 Service"                [id=171980, stack(0x00007f40692f4000,0x00007f40693f4000) (1024K)]
Total: 15

Threads with active compile tasks:
C2 CompilerThread0  11706 10637       4       org.eclipse.e4.ui.workbench.renderers.swt.AbstractContributionItem::update (36 bytes)
Total: 1

VM state: not at safepoint (normal execution)

VM Mutex/Monitor currently owned by a thread: None

Heap address: 0x00000000c0000000, size: 1024 MB, Compressed Oops mode: 32-bit

CDS archive(s) mapped at: [0x00007f3fef000000-0x00007f3fefc9b000-0x00007f3fefc9b000), size 13217792, SharedBaseAddress: 0x00007f3fef000000, ArchiveRelocationMode: 1.
Compressed class space mapped at: 0x00007f3ff0000000-0x00007f4030000000, reserved size: 1073741824
Narrow klass base: 0x00007f3fef000000, Narrow klass shift: 0, Narrow klass range: 0x100000000

GC Precious Log:
 CardTable entry size: 512
 Card Set container configuration: InlinePtr #cards 5 size 8 Array Of Cards #cards 12 size 40 Howl #buckets 4 coarsen threshold 1843 Howl Bitmap #cards 512 size 80 coarsen threshold 460 Card regions per heap region 1 cards per card region 2048
 CPUs: 8 total, 8 available
 Memory: 11674M
 Large Page Support: Disabled
 NUMA Support: Disabled
 Compressed Oops: Enabled (32-bit)
 Heap Region Size: 1M
 Heap Min Capacity: 64M
 Heap Initial Capacity: 64M
 Heap Max Capacity: 1G
 Pre-touch: Disabled
 Parallel Workers: 8
 Concurrent Workers: 2
 Concurrent Refinement Workers: 8
 Periodic GC: Disabled

Heap:
 garbage-first heap   total 131072K, used 78669K [0x00000000c0000000, 0x0000000100000000)
  region size 1024K, 28 young (28672K), 7 survivors (7168K)
 Metaspace       used 74817K, committed 76800K, reserved 1179648K
  class space    used 9128K, committed 9920K, reserved 1048576K

Heap Regions: E=young(eden), S=young(survivor), O=old, HS=humongous(starts), HC=humongous(continues), CS=collection set, F=free, TAMS=top-at-mark-start, PB=parsable bottom
|   0|0x00000000c0000000, 0x00000000c0100000, 0x00000000c0100000|100%| O|  |TAMS 0x00000000c0000000| PB 0x00000000c0000000| Untracked 
|   1|0x00000000c0100000, 0x00000000c0200000, 0x00000000c0200000|100%| O|  |TAMS 0x00000000c0100000| PB 0x00000000c0100000| Untracked 
|   2|0x00000000c0200000, 0x00000000c0300000, 0x00000000c0300000|100%| O|  |TAMS 0x00000000c0200000| PB 0x00000000c0200000| Untracked 
|   3|0x00000000c0300000, 0x00000000c0400000, 0x00000000c0400000|100%| O|  |TAMS 0x00000000c0300000| PB 0x00000000c0300000| Untracked 
|   4|0x00000000c0400000, 0x00000000c0500000, 0x00000000c0500000|100%| O|  |TAMS 0x00000000c0400000| PB 0x00000000c0400000| Untracked 
|   5|0x00000000c0500000, 0x00000000c0600000, 0x00000000c0600000|100%| O|  |TAMS 0x00000000c0500000| PB 0x00000000c0500000| Untracked 
|   6|0x00000000c0600000, 0x00000000c0700000, 0x00000000c0700000|100%| O|  |TAMS 0x00000000c0600000| PB 0x00000000c0600000| Untracked 
|   7|0x00000000c0700000, 0x00000000c0800000, 0x00000000c0800000|100%| O|Cm|TAMS 0x00000000c0700000| PB 0x00000000c0700000| Complete 
|   8|0x00000000c0800000, 0x00000000c0900000, 0x00000000c0900000|100%| O|  |TAMS 0x00000000c0800000| PB 0x00000000c0800000| Untracked 
|   9|0x00000000c0900000, 0x00000000c0a00000, 0x00000000c0a00000|100%| O|  |TAMS 0x00000000c0900000| PB 0x00000000c0900000| Untracked 
|  10|0x00000000c0a00000, 0x00000000c0b00000, 0x00000000c0b00000|100%| O|  |TAMS 0x00000000c0a00000| PB 0x00000000c0a00000| Untracked 
|  11|0x00000000c0b00000, 0x00000000c0c00000, 0x00000000c0c00000|100%| O|  |TAMS 0x00000000c0b00000| PB 0x00000000c0b00000| Untracked 
|  12|0x00000000c0c00000, 0x00000000c0d00000, 0x00000000c0d00000|100%| O|  |TAMS 0x00000000c0c00000| PB 0x00000000c0c00000| Untracked 
|  13|0x00000000c0d00000, 0x00000000c0e00000, 0x00000000c0e00000|100%| O|  |TAMS 0x00000000c0d00000| PB 0x00000000c0d00000| Untracked 
|  14|0x00000000c0e00000, 0x00000000c0f00000, 0x00000000c0f00000|100%| O|  |TAMS 0x00000000c0e00000| PB 0x00000000c0e00000| Untracked 
|  15|0x00000000c0f00000, 0x00000000c1000000, 0x00000000c1000000|100%| O|  |TAMS 0x00000000c0f00000| PB 0x00000000c0f00000| Untracked 
|  16|0x00000000c1000000, 0x00000000c1100000, 0x00000000c1100000|100%| O|  |TAMS 0x00000000c1000000| PB 0x00000000c1000000| Untracked 
|  17|0x00000000c1100000, 0x00000000c1200000, 0x00000000c1200000|100%| O|Cm|TAMS 0x00000000c1100000| PB 0x00000000c1100000| Complete 
|  18|0x00000000c1200000, 0x00000000c1300000, 0x00000000c1300000|100%| O|  |TAMS 0x00000000c1200000| PB 0x00000000c1200000| Untracked 
|  19|0x00000000c1300000, 0x00000000c1400000, 0x00000000c1400000|100%|HS|  |TAMS 0x00000000c1300000| PB 0x00000000c1300000| Complete 
|  20|0x00000000c1400000, 0x00000000c1500000, 0x00000000c1500000|100%| O|  |TAMS 0x00000000c1400000| PB 0x00000000c1400000| Untracked 
|  21|0x00000000c1500000, 0x00000000c1600000, 0x00000000c1600000|100%| O|  |TAMS 0x00000000c1500000| PB 0x00000000c1500000| Untracked 
|  22|0x00000000c1600000, 0x00000000c1700000, 0x00000000c1700000|100%| O|  |TAMS 0x00000000c1600000| PB 0x00000000c1600000| Untracked 
|  23|0x00000000c1700000, 0x00000000c1800000, 0x00000000c1800000|100%| O|  |TAMS 0x00000000c1700000| PB 0x00000000c1700000| Untracked 
|  24|0x00000000c1800000, 0x00000000c1900000, 0x00000000c1900000|100%| O|  |TAMS 0x00000000c1800000| PB 0x00000000c1800000| Untracked 
|  25|0x00000000c1900000, 0x00000000c1a00000, 0x00000000c1a00000|100%| O|  |TAMS 0x00000000c1900000| PB 0x00000000c1900000| Untracked 
|  26|0x00000000c1a00000, 0x00000000c1b00000, 0x00000000c1b00000|100%| O|  |TAMS 0x00000000c1a00000| PB 0x00000000c1a00000| Untracked 
|  27|0x00000000c1b00000, 0x00000000c1c00000, 0x00000000c1c00000|100%| O|  |TAMS 0x00000000c1b00000| PB 0x00000000c1b00000| Untracked 
|  28|0x00000000c1c00000, 0x00000000c1d00000, 0x00000000c1d00000|100%| O|  |TAMS 0x00000000c1c00000| PB 0x00000000c1c00000| Untracked 
|  29|0x00000000c1d00000, 0x00000000c1e00000, 0x00000000c1e00000|100%| O|  |TAMS 0x00000000c1d00000| PB 0x00000000c1d00000| Untracked 
|  30|0x00000000c1e00000, 0x00000000c1f00000, 0x00000000c1f00000|100%| O|  |TAMS 0x00000000c1e00000| PB 0x00000000c1e00000| Untracked 
|  31|0x00000000c1f00000, 0x00000000c1faf818, 0x00000000c2000000| 68%| O|  |TAMS 0x00000000c1f00000| PB 0x00000000c1f00000| Untracked 
|  32|0x00000000c2000000, 0x00000000c2100000, 0x00000000c2100000|100%|HS|  |TAMS 0x00000000c2000000| PB 0x00000000c2000000| Complete 
|  33|0x00000000c2100000, 0x00000000c2100000, 0x00000000c2200000|  0%| F|  |TAMS 0x00000000c2100000| PB 0x00000000c2100000| Untracked 
|  34|0x00000000c2200000, 0x00000000c2200000, 0x00000000c2300000|  0%| F|  |TAMS 0x00000000c2200000| PB 0x00000000c2200000| Untracked 
|  35|0x00000000c2300000, 0x00000000c2300000, 0x00000000c2400000|  0%| F|  |TAMS 0x00000000c2300000| PB 0x00000000c2300000| Untracked 
|  36|0x00000000c2400000, 0x00000000c2400000, 0x00000000c2500000|  0%| F|  |TAMS 0x00000000c2400000| PB 0x00000000c2400000| Untracked 
|  37|0x00000000c2500000, 0x00000000c2500000, 0x00000000c2600000|  0%| F|  |TAMS 0x00000000c2500000| PB 0x00000000c2500000| Untracked 
|  38|0x00000000c2600000, 0x00000000c2700000, 0x00000000c2700000|100%| O|  |TAMS 0x00000000c2600000| PB 0x00000000c2600000| Untracked 
|  39|0x00000000c2700000, 0x00000000c2800000, 0x00000000c2800000|100%| O|  |TAMS 0x00000000c2700000| PB 0x00000000c2700000| Untracked 
|  40|0x00000000c2800000, 0x00000000c2900000, 0x00000000c2900000|100%| O|  |TAMS 0x00000000c2800000| PB 0x00000000c2800000| Untracked 
|  41|0x00000000c2900000, 0x00000000c2a00000, 0x00000000c2a00000|100%| O|  |TAMS 0x00000000c2900000| PB 0x00000000c2900000| Untracked 
|  42|0x00000000c2a00000, 0x00000000c2b00000, 0x00000000c2b00000|100%| O|  |TAMS 0x00000000c2a00000| PB 0x00000000c2a00000| Untracked 
|  43|0x00000000c2b00000, 0x00000000c2c00000, 0x00000000c2c00000|100%| O|  |TAMS 0x00000000c2b00000| PB 0x00000000c2b00000| Untracked 
|  44|0x00000000c2c00000, 0x00000000c2c00000, 0x00000000c2d00000|  0%| F|  |TAMS 0x00000000c2c00000| PB 0x00000000c2c00000| Untracked 
|  45|0x00000000c2d00000, 0x00000000c2e00000, 0x00000000c2e00000|100%| O|  |TAMS 0x00000000c2d00000| PB 0x00000000c2d00000| Untracked 
|  46|0x00000000c2e00000, 0x00000000c2f00000, 0x00000000c2f00000|100%| O|  |TAMS 0x00000000c2e00000| PB 0x00000000c2e00000| Untracked 
|  47|0x00000000c2f00000, 0x00000000c3000000, 0x00000000c3000000|100%| O|  |TAMS 0x00000000c2f00000| PB 0x00000000c2f00000| Untracked 
|  48|0x00000000c3000000, 0x00000000c3000000, 0x00000000c3100000|  0%| F|  |TAMS 0x00000000c3000000| PB 0x00000000c3000000| Untracked 
|  49|0x00000000c3100000, 0x00000000c3200000, 0x00000000c3200000|100%| O|  |TAMS 0x00000000c3100000| PB 0x00000000c3100000| Untracked 
|  50|0x00000000c3200000, 0x00000000c3200000, 0x00000000c3300000|  0%| F|  |TAMS 0x00000000c3200000| PB 0x00000000c3200000| Untracked 
|  51|0x00000000c3300000, 0x00000000c3300000, 0x00000000c3400000|  0%| F|  |TAMS 0x00000000c3300000| PB 0x00000000c3300000| Untracked 
|  52|0x00000000c3400000, 0x00000000c3500000, 0x00000000c3500000|100%| O|  |TAMS 0x00000000c3400000| PB 0x00000000c3400000| Untracked 
|  53|0x00000000c3500000, 0x00000000c3600000, 0x00000000c3600000|100%| O|  |TAMS 0x00000000c3500000| PB 0x00000000c3500000| Untracked 
|  54|0x00000000c3600000, 0x00000000c3700000, 0x00000000c3700000|100%| O|  |TAMS 0x00000000c3600000| PB 0x00000000c3600000| Untracked 
|  55|0x00000000c3700000, 0x00000000c3800000, 0x00000000c3800000|100%| O|  |TAMS 0x00000000c3700000| PB 0x00000000c3700000| Untracked 
|  56|0x00000000c3800000, 0x00000000c3900000, 0x00000000c3900000|100%| O|  |TAMS 0x00000000c3800000| PB 0x00000000c3800000| Untracked 
|  57|0x00000000c3900000, 0x00000000c3a00000, 0x00000000c3a00000|100%| O|  |TAMS 0x00000000c3900000| PB 0x00000000c3900000| Untracked 
|  58|0x00000000c3a00000, 0x00000000c3a00000, 0x00000000c3b00000|  0%| F|  |TAMS 0x00000000c3a00000| PB 0x00000000c3a00000| Untracked 
|  59|0x00000000c3b00000, 0x00000000c3b23c40, 0x00000000c3c00000| 13%| S|CS|TAMS 0x00000000c3b00000| PB 0x00000000c3b00000| Complete 
|  60|0x00000000c3c00000, 0x00000000c3d00000, 0x00000000c3d00000|100%| S|CS|TAMS 0x00000000c3c00000| PB 0x00000000c3c00000| Complete 
|  61|0x00000000c3d00000, 0x00000000c3e00000, 0x00000000c3e00000|100%| S|CS|TAMS 0x00000000c3d00000| PB 0x00000000c3d00000| Complete 
|  62|0x00000000c3e00000, 0x00000000c3f00000, 0x00000000c3f00000|100%| S|CS|TAMS 0x00000000c3e00000| PB 0x00000000c3e00000| Complete 
|  63|0x00000000c3f00000, 0x00000000c4000000, 0x00000000c4000000|100%| S|CS|TAMS 0x00000000c3f00000| PB 0x00000000c3f00000| Complete 
|  64|0x00000000c4000000, 0x00000000c4100000, 0x00000000c4100000|100%| S|CS|TAMS 0x00000000c4000000| PB 0x00000000c4000000| Complete 
|  65|0x00000000c4100000, 0x00000000c4200000, 0x00000000c4200000|100%| S|CS|TAMS 0x00000000c4100000| PB 0x00000000c4100000| Complete 
|  66|0x00000000c4200000, 0x00000000c4200000, 0x00000000c4300000|  0%| F|  |TAMS 0x00000000c4200000| PB 0x00000000c4200000| Untracked 
|  67|0x00000000c4300000, 0x00000000c4300000, 0x00000000c4400000|  0%| F|  |TAMS 0x00000000c4300000| PB 0x00000000c4300000| Untracked 
|  68|0x00000000c4400000, 0x00000000c4400000, 0x00000000c4500000|  0%| F|  |TAMS 0x00000000c4400000| PB 0x00000000c4400000| Untracked 
|  69|0x00000000c4500000, 0x00000000c4500000, 0x00000000c4600000|  0%| F|  |TAMS 0x00000000c4500000| PB 0x00000000c4500000| Untracked 
|  70|0x00000000c4600000, 0x00000000c4600000, 0x00000000c4700000|  0%| F|  |TAMS 0x00000000c4600000| PB 0x00000000c4600000| Untracked 
|  71|0x00000000c4700000, 0x00000000c4700000, 0x00000000c4800000|  0%| F|  |TAMS 0x00000000c4700000| PB 0x00000000c4700000| Untracked 
|  72|0x00000000c4800000, 0x00000000c4800000, 0x00000000c4900000|  0%| F|  |TAMS 0x00000000c4800000| PB 0x00000000c4800000| Untracked 
|  73|0x00000000c4900000, 0x00000000c4900000, 0x00000000c4a00000|  0%| F|  |TAMS 0x00000000c4900000| PB 0x00000000c4900000| Untracked 
|  74|0x00000000c4a00000, 0x00000000c4a00000, 0x00000000c4b00000|  0%| F|  |TAMS 0x00000000c4a00000| PB 0x00000000c4a00000| Untracked 
|  75|0x00000000c4b00000, 0x00000000c4b00000, 0x00000000c4c00000|  0%| F|  |TAMS 0x00000000c4b00000| PB 0x00000000c4b00000| Untracked 
|  76|0x00000000c4c00000, 0x00000000c4c00000, 0x00000000c4d00000|  0%| F|  |TAMS 0x00000000c4c00000| PB 0x00000000c4c00000| Untracked 
|  77|0x00000000c4d00000, 0x00000000c4d00000, 0x00000000c4e00000|  0%| F|  |TAMS 0x00000000c4d00000| PB 0x00000000c4d00000| Untracked 
|  78|0x00000000c4e00000, 0x00000000c4e00000, 0x00000000c4f00000|  0%| F|  |TAMS 0x00000000c4e00000| PB 0x00000000c4e00000| Untracked 
|  79|0x00000000c4f00000, 0x00000000c4f00000, 0x00000000c5000000|  0%| F|  |TAMS 0x00000000c4f00000| PB 0x00000000c4f00000| Untracked 
|  80|0x00000000c5000000, 0x00000000c5000000, 0x00000000c5100000|  0%| F|  |TAMS 0x00000000c5000000| PB 0x00000000c5000000| Untracked 
|  81|0x00000000c5100000, 0x00000000c5100000, 0x00000000c5200000|  0%| F|  |TAMS 0x00000000c5100000| PB 0x00000000c5100000| Untracked 
|  82|0x00000000c5200000, 0x00000000c5200000, 0x00000000c5300000|  0%| F|  |TAMS 0x00000000c5200000| PB 0x00000000c5200000| Untracked 
|  83|0x00000000c5300000, 0x00000000c5300000, 0x00000000c5400000|  0%| F|  |TAMS 0x00000000c5300000| PB 0x00000000c5300000| Untracked 
|  84|0x00000000c5400000, 0x00000000c5400000, 0x00000000c5500000|  0%| F|  |TAMS 0x00000000c5400000| PB 0x00000000c5400000| Untracked 
|  85|0x00000000c5500000, 0x00000000c5500000, 0x00000000c5600000|  0%| F|  |TAMS 0x00000000c5500000| PB 0x00000000c5500000| Untracked 
|  86|0x00000000c5600000, 0x00000000c5600000, 0x00000000c5700000|  0%| F|  |TAMS 0x00000000c5600000| PB 0x00000000c5600000| Untracked 
|  87|0x00000000c5700000, 0x00000000c5700000, 0x00000000c5800000|  0%| F|  |TAMS 0x00000000c5700000| PB 0x00000000c5700000| Untracked 
|  88|0x00000000c5800000, 0x00000000c5800000, 0x00000000c5900000|  0%| F|  |TAMS 0x00000000c5800000| PB 0x00000000c5800000| Untracked 
|  89|0x00000000c5900000, 0x00000000c5900000, 0x00000000c5a00000|  0%| F|  |TAMS 0x00000000c5900000| PB 0x00000000c5900000| Untracked 
|  90|0x00000000c5a00000, 0x00000000c5a00000, 0x00000000c5b00000|  0%| F|  |TAMS 0x00000000c5a00000| PB 0x00000000c5a00000| Untracked 
|  91|0x00000000c5b00000, 0x00000000c5b00000, 0x00000000c5c00000|  0%| F|  |TAMS 0x00000000c5b00000| PB 0x00000000c5b00000| Untracked 
|  92|0x00000000c5c00000, 0x00000000c5c00000, 0x00000000c5d00000|  0%| F|  |TAMS 0x00000000c5c00000| PB 0x00000000c5c00000| Untracked 
|  93|0x00000000c5d00000, 0x00000000c5d00000, 0x00000000c5e00000|  0%| F|  |TAMS 0x00000000c5d00000| PB 0x00000000c5d00000| Untracked 
|  94|0x00000000c5e00000, 0x00000000c5e00000, 0x00000000c5f00000|  0%| F|  |TAMS 0x00000000c5e00000| PB 0x00000000c5e00000| Untracked 
|  95|0x00000000c5f00000, 0x00000000c5f00000, 0x00000000c6000000|  0%| F|  |TAMS 0x00000000c5f00000| PB 0x00000000c5f00000| Untracked 
|  96|0x00000000c6000000, 0x00000000c6000000, 0x00000000c6100000|  0%| F|  |TAMS 0x00000000c6000000| PB 0x00000000c6000000| Untracked 
|  97|0x00000000c6100000, 0x00000000c6100000, 0x00000000c6200000|  0%| F|  |TAMS 0x00000000c6100000| PB 0x00000000c6100000| Untracked 
|  98|0x00000000c6200000, 0x00000000c6200000, 0x00000000c6300000|  0%| F|  |TAMS 0x00000000c6200000| PB 0x00000000c6200000| Untracked 
|  99|0x00000000c6300000, 0x00000000c6300000, 0x00000000c6400000|  0%| F|  |TAMS 0x00000000c6300000| PB 0x00000000c6300000| Untracked 
| 100|0x00000000c6400000, 0x00000000c6400000, 0x00000000c6500000|  0%| F|  |TAMS 0x00000000c6400000| PB 0x00000000c6400000| Untracked 
| 101|0x00000000c6500000, 0x00000000c6500000, 0x00000000c6600000|  0%| F|  |TAMS 0x00000000c6500000| PB 0x00000000c6500000| Untracked 
| 102|0x00000000c6600000, 0x00000000c6600000, 0x00000000c6700000|  0%| F|  |TAMS 0x00000000c6600000| PB 0x00000000c6600000| Untracked 
| 103|0x00000000c6700000, 0x00000000c6700000, 0x00000000c6800000|  0%| F|  |TAMS 0x00000000c6700000| PB 0x00000000c6700000| Untracked 
| 104|0x00000000c6800000, 0x00000000c6800000, 0x00000000c6900000|  0%| F|  |TAMS 0x00000000c6800000| PB 0x00000000c6800000| Untracked 
| 105|0x00000000c6900000, 0x00000000c693e0c8, 0x00000000c6a00000| 24%| E|  |TAMS 0x00000000c6900000| PB 0x00000000c6900000| Complete 
| 106|0x00000000c6a00000, 0x00000000c6b00000, 0x00000000c6b00000|100%| E|CS|TAMS 0x00000000c6a00000| PB 0x00000000c6a00000| Complete 
| 107|0x00000000c6b00000, 0x00000000c6c00000, 0x00000000c6c00000|100%| E|CS|TAMS 0x00000000c6b00000| PB 0x00000000c6b00000| Complete 
| 108|0x00000000c6c00000, 0x00000000c6d00000, 0x00000000c6d00000|100%| E|CS|TAMS 0x00000000c6c00000| PB 0x00000000c6c00000| Complete 
| 109|0x00000000c6d00000, 0x00000000c6e00000, 0x00000000c6e00000|100%| E|CS|TAMS 0x00000000c6d00000| PB 0x00000000c6d00000| Complete 
| 110|0x00000000c6e00000, 0x00000000c6f00000, 0x00000000c6f00000|100%| E|CS|TAMS 0x00000000c6e00000| PB 0x00000000c6e00000| Complete 
| 111|0x00000000c6f00000, 0x00000000c7000000, 0x00000000c7000000|100%| E|CS|TAMS 0x00000000c6f00000| PB 0x00000000c6f00000| Complete 
| 112|0x00000000c7000000, 0x00000000c7100000, 0x00000000c7100000|100%| E|CS|TAMS 0x00000000c7000000| PB 0x00000000c7000000| Complete 
| 113|0x00000000c7100000, 0x00000000c7200000, 0x00000000c7200000|100%| E|CS|TAMS 0x00000000c7100000| PB 0x00000000c7100000| Complete 
| 114|0x00000000c7200000, 0x00000000c7300000, 0x00000000c7300000|100%| E|CS|TAMS 0x00000000c7200000| PB 0x00000000c7200000| Complete 
| 115|0x00000000c7300000, 0x00000000c7400000, 0x00000000c7400000|100%| E|CS|TAMS 0x00000000c7300000| PB 0x00000000c7300000| Complete 
| 116|0x00000000c7400000, 0x00000000c7500000, 0x00000000c7500000|100%| E|CS|TAMS 0x00000000c7400000| PB 0x00000000c7400000| Complete 
| 117|0x00000000c7500000, 0x00000000c7600000, 0x00000000c7600000|100%| E|CS|TAMS 0x00000000c7500000| PB 0x00000000c7500000| Complete 
| 118|0x00000000c7600000, 0x00000000c7700000, 0x00000000c7700000|100%| E|CS|TAMS 0x00000000c7600000| PB 0x00000000c7600000| Complete 
| 119|0x00000000c7700000, 0x00000000c7800000, 0x00000000c7800000|100%| E|CS|TAMS 0x00000000c7700000| PB 0x00000000c7700000| Complete 
| 120|0x00000000c7800000, 0x00000000c7900000, 0x00000000c7900000|100%| E|CS|TAMS 0x00000000c7800000| PB 0x00000000c7800000| Complete 
| 121|0x00000000c7900000, 0x00000000c7a00000, 0x00000000c7a00000|100%| E|CS|TAMS 0x00000000c7900000| PB 0x00000000c7900000| Complete 
| 122|0x00000000c7a00000, 0x00000000c7b00000, 0x00000000c7b00000|100%| E|CS|TAMS 0x00000000c7a00000| PB 0x00000000c7a00000| Complete 
| 133|0x00000000c8500000, 0x00000000c8600000, 0x00000000c8600000|100%| E|CS|TAMS 0x00000000c8500000| PB 0x00000000c8500000| Complete 
|1018|0x00000000ffa00000, 0x00000000ffb00000, 0x00000000ffb00000|100%| E|CS|TAMS 0x00000000ffa00000| PB 0x00000000ffa00000| Complete 
|1021|0x00000000ffd00000, 0x00000000ffe00000, 0x00000000ffe00000|100%| O|  |TAMS 0x00000000ffd00000| PB 0x00000000ffd00000| Untracked 
|1022|0x00000000ffe00000, 0x00000000fff00000, 0x00000000fff00000|100%| O|  |TAMS 0x00000000ffe00000| PB 0x00000000ffe00000| Untracked 
|1023|0x00000000fff00000, 0x0000000100000000, 0x0000000100000000|100%| E|CS|TAMS 0x00000000fff00000| PB 0x00000000fff00000| Complete 

Card table byte_map: [0x00007f406b000000,0x00007f406b200000] _byte_map_base: 0x00007f406aa00000

Marking Bits: (CMBitMap*) 0x00007f4064059eb0
 Bits: [0x00007f406a000000, 0x00007f406b000000)

Polling page: 0x00007f406dae8000

Metaspace:

Usage:
  Non-class:     64.15 MB used.
      Class:      8.91 MB used.
       Both:     73.06 MB used.

Virtual space:
  Non-class space:      128.00 MB reserved,      65.31 MB ( 51%) committed,  2 nodes.
      Class space:        1.00 GB reserved,       9.69 MB ( <1%) committed,  1 nodes.
             Both:        1.12 GB reserved,      75.00 MB (  7%) committed. 

Chunk freelists:
   Non-Class:  14.67 MB
       Class:  6.31 MB
        Both:  20.98 MB

MaxMetaspaceSize: unlimited
CompressedClassSpaceSize: 1.00 GB
Initial GC threshold: 21.00 MB
Current GC threshold: 100.25 MB
CDS: on
 - commit_granule_bytes: 65536.
 - commit_granule_words: 8192.
 - virtual_space_node_default_size: 8388608.
 - enlarge_chunks_in_place: 1.
 - use_allocation_guard: 0.


Internal statistics:

num_allocs_failed_limit: 15.
num_arena_births: 1298.
num_arena_deaths: 4.
num_vsnodes_births: 3.
num_vsnodes_deaths: 0.
num_space_committed: 1200.
num_space_uncommitted: 0.
num_chunks_returned_to_freelist: 19.
num_chunks_taken_from_freelist: 4672.
num_chunk_merges: 12.
num_chunk_splits: 2888.
num_chunks_enlarged: 1605.
num_inconsistent_stats: 0.

CodeHeap 'non-profiled nmethods': size=120028Kb used=6522Kb max_used=6522Kb free=113505Kb
 bounds [0x00007f4053ec9000, 0x00007f4054529000, 0x00007f405b400000]
CodeHeap 'profiled nmethods': size=120028Kb used=20110Kb max_used=20110Kb free=99917Kb
 bounds [0x00007f404c400000, 0x00007f404d7b0000, 0x00007f4053937000]
CodeHeap 'non-nmethods': size=5704Kb used=2053Kb max_used=2120Kb free=3650Kb
 bounds [0x00007f4053937000, 0x00007f4053ba7000, 0x00007f4053ec9000]
CodeCache: size=245760Kb, used=28685Kb, max_used=28752Kb, free=217072Kb
 total_blobs=10667, nmethods=9613, adapters=958, full_count=0
Compilation: enabled, stopped_count=0, restarted_count=0

Compilation events (20 events):
Event: 11.620 Thread 0x00007f40640f5f70 10687       3       org.eclipse.swt.widgets.Widget::sendEvent (8 bytes)
Event: 11.620 Thread 0x00007f40640f5f70 nmethod 10687 0x00007f404d79f310 code [0x00007f404d79f4c0, 0x00007f404d79f680]
Event: 11.620 Thread 0x00007f40640f5f70 10686       3       org.eclipse.swt.widgets.Shell::isVisible (9 bytes)
Event: 11.621 Thread 0x00007f40640f5f70 nmethod 10686 0x00007f404d79f790 code [0x00007f404d79f960, 0x00007f404d79fc98]
Event: 11.622 Thread 0x00007f40640f5f70 10688       1       org.eclipse.swt.widgets.Shell::topHandle (5 bytes)
Event: 11.622 Thread 0x00007f40640f5f70 nmethod 10688 0x00007f4054519690 code [0x00007f4054519820, 0x00007f40545198e8]
Event: 11.631 Thread 0x00007f40640f5f70 10689       3       org.eclipse.swt.graphics.GC::getForeground (32 bytes)
Event: 11.631 Thread 0x00007f40640f5f70 nmethod 10689 0x00007f404d79fd90 code [0x00007f404d79ff60, 0x00007f404d7a01f0]
Event: 11.631 Thread 0x00007f40640f5f70 10690  s    3       org.eclipse.ui.internal.texteditor.quickdiff.DocumentLineDiffer::isSuspended (11 bytes)
Event: 11.631 Thread 0x00007f40640f5f70 nmethod 10690 0x00007f404d7a0310 code [0x00007f404d7a04c0, 0x00007f404d7a0728]
Event: 11.637 Thread 0x00007f3fc41ec9e0 nmethod 10651 0x00007f4054519990 code [0x00007f405451a080, 0x00007f405451e088]
Event: 11.637 Thread 0x00007f3fc41ec9e0 10683       4       org.eclipse.e4.ui.model.internal.ModelUtils::getParent (114 bytes)
Event: 11.642 Thread 0x00007f40640f5f70 10691       3       java.lang.Iterable::forEach (39 bytes)
Event: 11.642 Thread 0x00007f40640f5f70 nmethod 10691 0x00007f404d7a0810 code [0x00007f404d7a0a20, 0x00007f404d7a1048]
Event: 11.647 Thread 0x00007f40640f5f70 10693       3       org.eclipse.core.internal.jobs.JobListeners::queueEvent (15 bytes)
Event: 11.647 Thread 0x00007f40640f5f70 nmethod 10693 0x00007f404d7a1210 code [0x00007f404d7a13c0, 0x00007f404d7a15a0]
Event: 11.647 Thread 0x00007f40640f5f70 10694   !   3       org.eclipse.ui.internal.progress.ProgressManager::progressFor (32 bytes)
Event: 11.648 Thread 0x00007f40640f5f70 nmethod 10694 0x00007f404d7a1690 code [0x00007f404d7a18a0, 0x00007f404d7a2120]
Event: 11.648 Thread 0x00007f40640f5f70 10695       3       org.eclipse.ui.internal.progress.ProgressManager$$Lambda/0x00007f3ff05168b8::<init> (10 bytes)
Event: 11.648 Thread 0x00007f40640f5f70 nmethod 10695 0x00007f404d7a2490 code [0x00007f404d7a2620, 0x00007f404d7a27d0]

GC Heap History (20 events):
Event: 2.859 GC heap before
{Heap before GC invocations=8 (full 0):
 garbage-first heap   total 143360K, used 92209K [0x00000000c0000000, 0x0000000100000000)
  region size 1024K, 43 young (44032K), 2 survivors (2048K)
 Metaspace       used 11943K, committed 12352K, reserved 1114112K
  class space    used 1188K, committed 1344K, reserved 1048576K
}
Event: 2.868 GC heap after
{Heap after GC invocations=9 (full 0):
 garbage-first heap   total 143360K, used 58287K [0x00000000c0000000, 0x0000000100000000)
  region size 1024K, 6 young (6144K), 6 survivors (6144K)
 Metaspace       used 11943K, committed 12352K, reserved 1114112K
  class space    used 1188K, committed 1344K, reserved 1048576K
}
Event: 3.604 GC heap before
{Heap before GC invocations=9 (full 0):
 garbage-first heap   total 143360K, used 100271K [0x00000000c0000000, 0x0000000100000000)
  region size 1024K, 47 young (48128K), 6 survivors (6144K)
 Metaspace       used 12935K, committed 13312K, reserved 1114112K
  class space    used 1249K, committed 1408K, reserved 1048576K
}
Event: 3.613 GC heap after
{Heap after GC invocations=10 (full 0):
 garbage-first heap   total 143360K, used 65536K [0x00000000c0000000, 0x0000000100000000)
  region size 1024K, 6 young (6144K), 6 survivors (6144K)
 Metaspace       used 12935K, committed 13312K, reserved 1114112K
  class space    used 1249K, committed 1408K, reserved 1048576K
}
Event: 4.171 GC heap before
{Heap before GC invocations=10 (full 0):
 garbage-first heap   total 143360K, used 92160K [0x00000000c0000000, 0x0000000100000000)
  region size 1024K, 34 young (34816K), 6 survivors (6144K)
 Metaspace       used 20710K, committed 21504K, reserved 1114112K
  class space    used 2084K, committed 2432K, reserved 1048576K
}
Event: 4.176 GC heap after
{Heap after GC invocations=11 (full 0):
 garbage-first heap   total 143360K, used 71103K [0x00000000c0000000, 0x0000000100000000)
  region size 1024K, 6 young (6144K), 6 survivors (6144K)
 Metaspace       used 20710K, committed 21504K, reserved 1114112K
  class space    used 2084K, committed 2432K, reserved 1048576K
}
Event: 4.342 GC heap before
{Heap before GC invocations=12 (full 0):
 garbage-first heap   total 140288K, used 83391K [0x00000000c0000000, 0x0000000100000000)
  region size 1024K, 46 young (47104K), 6 survivors (6144K)
 Metaspace       used 23375K, committed 24192K, reserved 1114112K
  class space    used 2478K, committed 2816K, reserved 1048576K
}
Event: 4.346 GC heap after
{Heap after GC invocations=13 (full 0):
 garbage-first heap   total 140288K, used 44345K [0x00000000c0000000, 0x0000000100000000)
  region size 1024K, 2 young (2048K), 2 survivors (2048K)
 Metaspace       used 23375K, committed 24192K, reserved 1114112K
  class space    used 2478K, committed 2816K, reserved 1048576K
}
Event: 4.846 GC heap before
{Heap before GC invocations=13 (full 0):
 garbage-first heap   total 140288K, used 107833K [0x00000000c0000000, 0x0000000100000000)
  region size 1024K, 64 young (65536K), 2 survivors (2048K)
 Metaspace       used 27811K, committed 28736K, reserved 1114112K
  class space    used 2934K, committed 3328K, reserved 1048576K
}
Event: 4.857 GC heap after
{Heap after GC invocations=14 (full 0):
 garbage-first heap   total 140288K, used 35382K [0x00000000c0000000, 0x0000000100000000)
  region size 1024K, 4 young (4096K), 4 survivors (4096K)
 Metaspace       used 27811K, committed 28736K, reserved 1114112K
  class space    used 2934K, committed 3328K, reserved 1048576K
}
Event: 5.939 GC heap before
{Heap before GC invocations=14 (full 0):
 garbage-first heap   total 140288K, used 54838K [0x00000000c0000000, 0x0000000100000000)
  region size 1024K, 24 young (24576K), 4 survivors (4096K)
 Metaspace       used 35071K, committed 36288K, reserved 1114112K
  class space    used 3947K, committed 4416K, reserved 1048576K
}
Event: 5.954 GC heap after
{Heap after GC invocations=15 (full 0):
 garbage-first heap   total 140288K, used 37988K [0x00000000c0000000, 0x0000000100000000)
  region size 1024K, 6 young (6144K), 6 survivors (6144K)
 Metaspace       used 35071K, committed 36288K, reserved 1114112K
  class space    used 3947K, committed 4416K, reserved 1048576K
}
Event: 7.542 GC heap before
{Heap before GC invocations=16 (full 0):
 garbage-first heap   total 130048K, used 113764K [0x00000000c0000000, 0x0000000100000000)
  region size 1024K, 76 young (77824K), 6 survivors (6144K)
 Metaspace       used 49716K, committed 51392K, reserved 1114112K
  class space    used 5769K, committed 6464K, reserved 1048576K
}
Event: 7.551 GC heap after
{Heap after GC invocations=17 (full 0):
 garbage-first heap   total 131072K, used 48008K [0x00000000c0000000, 0x0000000100000000)
  region size 1024K, 10 young (10240K), 10 survivors (10240K)
 Metaspace       used 49716K, committed 51392K, reserved 1114112K
  class space    used 5769K, committed 6464K, reserved 1048576K
}
Event: 8.714 GC heap before
{Heap before GC invocations=17 (full 0):
 garbage-first heap   total 131072K, used 87944K [0x00000000c0000000, 0x0000000100000000)
  region size 1024K, 50 young (51200K), 10 survivors (10240K)
 Metaspace       used 59002K, committed 60736K, reserved 1114112K
  class space    used 7020K, committed 7744K, reserved 1048576K
}
Event: 8.723 GC heap after
{Heap after GC invocations=18 (full 0):
 garbage-first heap   total 131072K, used 50783K [0x00000000c0000000, 0x0000000100000000)
  region size 1024K, 5 young (5120K), 5 survivors (5120K)
 Metaspace       used 59002K, committed 60736K, reserved 1114112K
  class space    used 7020K, committed 7744K, reserved 1048576K
}
Event: 8.750 GC heap before
{Heap before GC invocations=18 (full 0):
 garbage-first heap   total 131072K, used 52831K [0x00000000c0000000, 0x0000000100000000)
  region size 1024K, 8 young (8192K), 5 survivors (5120K)
 Metaspace       used 59319K, committed 61056K, reserved 1114112K
  class space    used 7069K, committed 7808K, reserved 1048576K
}
Event: 8.753 GC heap after
{Heap after GC invocations=19 (full 0):
 garbage-first heap   total 131072K, used 52031K [0x00000000c0000000, 0x0000000100000000)
  region size 1024K, 2 young (2048K), 2 survivors (2048K)
 Metaspace       used 59319K, committed 61056K, reserved 1114112K
  class space    used 7069K, committed 7808K, reserved 1048576K
}
Event: 10.758 GC heap before
{Heap before GC invocations=20 (full 0):
 garbage-first heap   total 131072K, used 111423K [0x00000000c0000000, 0x0000000100000000)
  region size 1024K, 60 young (61440K), 2 survivors (2048K)
 Metaspace       used 72449K, committed 74368K, reserved 1114112K
  class space    used 8802K, committed 9600K, reserved 1048576K
}
Event: 10.763 GC heap after
{Heap after GC invocations=21 (full 0):
 garbage-first heap   total 131072K, used 58189K [0x00000000c0000000, 0x0000000100000000)
  region size 1024K, 7 young (7168K), 7 survivors (7168K)
 Metaspace       used 72449K, committed 74368K, reserved 1114112K
  class space    used 8802K, committed 9600K, reserved 1048576K
}

Dll operation events (20 events):
Event: 0.022 Loaded shared library /usr/lib/jvm/java-21-openjdk/lib/libjava.so
Event: 0.118 Loaded shared library /usr/lib/jvm/java-21-openjdk/lib/libjsvml.so
Event: 0.262 Loaded shared library /usr/lib/jvm/java-21-openjdk/lib/libnio.so
Event: 0.273 Loaded shared library /usr/lib/jvm/java-21-openjdk/lib/libzip.so
Event: 0.666 Loaded shared library /usr/lib/jvm/java-21-openjdk/lib/libjimage.so
Event: 1.010 Loaded shared library /usr/lib/jvm/java-21-openjdk/lib/libnet.so
Event: 1.015 Loaded shared library /usr/lib/dbeaver/plugins/org.eclipse.equinox.launcher.gtk.linux.x86_64_1.2.1500.v20250801-0854/eclipse_11916.so
Event: 3.955 Loaded shared library /usr/lib/jvm/java-21-openjdk/lib/libverify.so
Event: 3.985 Loaded shared library /home/bryanmax9/.eclipse/org.jkiss.dbeaver.product_26.1.0_1078795723_linux_gtk_x86_64/configuration/org.eclipse.osgi/152/0/.cp/libswt-gtk-4972r7.so
Event: 3.988 Loaded shared library /home/bryanmax9/.eclipse/org.jkiss.dbeaver.product_26.1.0_1078795723_linux_gtk_x86_64/configuration/org.eclipse.osgi/152/0/.cp/libswt-pi3-gtk-4972r7.so
Event: 4.638 Loaded shared library /home/bryanmax9/.eclipse/org.jkiss.dbeaver.product_26.1.0_1078795723_linux_gtk_x86_64/configuration/org.eclipse.osgi/49/0/.cp/os/linux/x86_64/libunixfile_1_0_0.so
Event: 4.809 Loaded shared library /usr/lib/jvm/java-21-openjdk/lib/libjaas.so
Event: 4.993 Loaded shared library /home/bryanmax9/.eclipse/org.jkiss.dbeaver.product_26.1.0_1078795723_linux_gtk_x86_64/configuration/org.eclipse.osgi/152/0/.cp/libswt-cairo-gtk-4972r7.so
Event: 5.537 Loaded shared library /usr/lib/jvm/java-21-openjdk/lib/libextnet.so
Event: 6.340 Loaded shared library /home/bryanmax9/.eclipse/org.jkiss.dbeaver.product_26.1.0_1078795723_linux_gtk_x86_64/configuration/org.eclipse.osgi/152/0/.cp/libswt-atk-gtk-4972r7.so
Event: 8.431 Loaded shared library /usr/lib/jvm/java-21-openjdk/lib/libawt.so
Event: 8.433 Loaded shared library /usr/lib/jvm/java-21-openjdk/lib/libawt_xawt.so
Event: 8.474 Loaded shared library /usr/lib/jvm/java-21-openjdk/lib/libfontmanager.so
Event: 10.882 Loaded shared library /usr/lib/jvm/java-21-openjdk/lib/libmanagement.so
Event: 10.886 Loaded shared library /usr/lib/jvm/java-21-openjdk/lib/libmanagement_ext.so

Deoptimization events (20 events):
Event: 11.368 Thread 0x00007f406401d2b0 Uncommon trap: trap_request=0xffffffde fr.pc=0x00007f40544e5188 relative=0x0000000000000628
Event: 11.368 Thread 0x00007f406401d2b0 Uncommon trap: reason=class_check action=maybe_recompile pc=0x00007f40544e5188 method=org.eclipse.swt.graphics.TextStyle.equals(Ljava/lang/Object;)Z @ 14 c2
Event: 11.368 Thread 0x00007f406401d2b0 DEOPT PACKING pc=0x00007f40544e5188 sp=0x00007f406c3fa5f0
Event: 11.368 Thread 0x00007f406401d2b0 DEOPT UNPACKING pc=0x00007f405398af99 sp=0x00007f406c3fa5b8 mode 2
Event: 11.368 Thread 0x00007f406401d2b0 Uncommon trap: trap_request=0xffffffde fr.pc=0x00007f40544e5188 relative=0x0000000000000628
Event: 11.368 Thread 0x00007f406401d2b0 Uncommon trap: reason=class_check action=maybe_recompile pc=0x00007f40544e5188 method=org.eclipse.swt.graphics.TextStyle.equals(Ljava/lang/Object;)Z @ 14 c2
Event: 11.368 Thread 0x00007f406401d2b0 DEOPT PACKING pc=0x00007f40544e5188 sp=0x00007f406c3fa5f0
Event: 11.368 Thread 0x00007f406401d2b0 DEOPT UNPACKING pc=0x00007f405398af99 sp=0x00007f406c3fa5b8 mode 2
Event: 11.399 Thread 0x00007f406401d2b0 Uncommon trap: trap_request=0xffffff6e fr.pc=0x00007f40544ff4c8 relative=0x0000000000000b88
Event: 11.399 Thread 0x00007f406401d2b0 Uncommon trap: reason=loop_limit_check action=maybe_recompile pc=0x00007f40544ff4c8 method=org.eclipse.e4.ui.bindings.internal.BindingTableManager.getSequencesFor(Lorg/eclipse/e4/ui/bindings/internal/ContextSet;Lorg/eclipse/core/commands/ParameterizedComm
Event: 11.399 Thread 0x00007f406401d2b0 DEOPT PACKING pc=0x00007f40544ff4c8 sp=0x00007f406c3f8c90
Event: 11.399 Thread 0x00007f406401d2b0 DEOPT UNPACKING pc=0x00007f405398af99 sp=0x00007f406c3f8c98 mode 2
Event: 11.645 Thread 0x00007f406401d2b0 Uncommon trap: trap_request=0xffffffde fr.pc=0x00007f40544e5188 relative=0x0000000000000628
Event: 11.645 Thread 0x00007f406401d2b0 Uncommon trap: reason=class_check action=maybe_recompile pc=0x00007f40544e5188 method=org.eclipse.swt.graphics.TextStyle.equals(Ljava/lang/Object;)Z @ 14 c2
Event: 11.645 Thread 0x00007f406401d2b0 DEOPT PACKING pc=0x00007f40544e5188 sp=0x00007f406c3fa1d0
Event: 11.645 Thread 0x00007f406401d2b0 DEOPT UNPACKING pc=0x00007f405398af99 sp=0x00007f406c3fa198 mode 2
Event: 11.645 Thread 0x00007f406401d2b0 Uncommon trap: trap_request=0xffffffde fr.pc=0x00007f40544e5188 relative=0x0000000000000628
Event: 11.645 Thread 0x00007f406401d2b0 Uncommon trap: reason=class_check action=maybe_recompile pc=0x00007f40544e5188 method=org.eclipse.swt.graphics.TextStyle.equals(Ljava/lang/Object;)Z @ 14 c2
Event: 11.645 Thread 0x00007f406401d2b0 DEOPT PACKING pc=0x00007f40544e5188 sp=0x00007f406c3fa1d0
Event: 11.645 Thread 0x00007f406401d2b0 DEOPT UNPACKING pc=0x00007f405398af99 sp=0x00007f406c3fa198 mode 2

Classes loaded (20 events):
Event: 10.897 Loading class java/lang/management/DefaultPlatformMBeanProvider$9
Event: 10.897 Loading class java/lang/management/DefaultPlatformMBeanProvider$9 done
Event: 10.897 Loading class java/lang/management/DefaultPlatformMBeanProvider$10
Event: 10.897 Loading class java/lang/management/DefaultPlatformMBeanProvider$10 done
Event: 10.897 Loading class java/lang/management/DefaultPlatformMBeanProvider$11
Event: 10.897 Loading class java/lang/management/DefaultPlatformMBeanProvider$11 done
Event: 10.897 Loading class jdk/management/jfr/FlightRecorderMXBean
Event: 10.897 Loading class jdk/management/jfr/FlightRecorderMXBean done
Event: 10.897 Loading class jdk/management/jfr/internal/FlightRecorderMXBeanProvider$SingleMBeanComponent
Event: 10.897 Loading class jdk/management/jfr/internal/FlightRecorderMXBeanProvider$SingleMBeanComponent done
Event: 10.898 Loading class sun/management/RuntimeImpl
Event: 10.898 Loading class sun/management/RuntimeImpl done
Event: 10.898 Loading class java/util/Collections$2
Event: 10.898 Loading class java/util/Collections$2 done
Event: 10.898 Loading class sun/management/Util
Event: 10.899 Loading class sun/management/Util done
Event: 10.899 Loading class java/lang/management/ManagementPermission
Event: 10.899 Loading class java/lang/management/ManagementPermission done
Event: 10.925 Loading class javax/xml/transform/TransformerException
Event: 10.926 Loading class javax/xml/transform/TransformerException done

Classes unloaded (2 events):
Event: 8.789 Thread 0x00007f40640e4150 Unloading class 0x00007f3ff034c800 'java/lang/invoke/LambdaForm$MH+0x00007f3ff034c800'
Event: 8.789 Thread 0x00007f40640e4150 Unloading class 0x00007f3ff034c000 'java/lang/invoke/LambdaForm$DMH+0x00007f3ff034c000'

Classes redefined (0 events):
No events

Internal exceptions (20 events):
Event: 8.435 Thread 0x00007f406401d2b0 Exception <a 'java/io/FileNotFoundException'{0x00000000c5dae730}> (0x00000000c5dae730) 
thrown [/usr/src/debug/java21-openjdk/jdk21u-jdk-21.0.11-10/src/hotspot/share/prims/jni.cpp, line 520]
Event: 8.614 Thread 0x00007f406401d2b0 Exception <a 'java/lang/NoSuchMethodError'{0x00000000c5acff08}: 'java.lang.Object java.lang.invoke.DirectMethodHandle$Holder.invokeStatic(java.lang.Object, java.lang.Object, double, double)'> (0x00000000c5acff08) 
thrown [/usr/src/debug/java21-openjdk/jdk21u-jdk-21.0.11-10/src/hotspot/share/interpreter/linkResolver.cpp, line 772]
Event: 8.614 Thread 0x00007f406401d2b0 Exception <a 'java/lang/NoSuchMethodError'{0x00000000c5ad39e8}: 'java.lang.Object java.lang.invoke.DirectMethodHandle$Holder.invokeStaticInit(java.lang.Object, java.lang.Object, double, double)'> (0x00000000c5ad39e8) 
thrown [/usr/src/debug/java21-openjdk/jdk21u-jdk-21.0.11-10/src/hotspot/share/interpreter/linkResolver.cpp, line 772]
Event: 8.647 Thread 0x00007f406401d2b0 Exception <a 'java/lang/NoSuchMethodError'{0x00000000c59f2df0}: 'float java.lang.invoke.DirectMethodHandle$Holder.invokeInterface(java.lang.Object, java.lang.Object)'> (0x00000000c59f2df0) 
thrown [/usr/src/debug/java21-openjdk/jdk21u-jdk-21.0.11-10/src/hotspot/share/interpreter/linkResolver.cpp, line 772]
Event: 8.647 Thread 0x00007f406401d2b0 Exception <a 'java/lang/IncompatibleClassChangeError'{0x00000000c59f6688}: Found class java.lang.Object, but interface was expected> (0x00000000c59f6688) 
thrown [/usr/src/debug/java21-openjdk/jdk21u-jdk-21.0.11-10/src/hotspot/share/interpreter/linkResolver.cpp, line 840]
Event: 9.046 Thread 0x00007f406401d2b0 Exception <a 'java/lang/NoSuchMethodError'{0x00000000c73b8f00}: 'int java.lang.invoke.DelegatingMethodHandle$Holder.delegate(java.lang.Object, int, java.lang.Object)'> (0x00000000c73b8f00) 
thrown [/usr/src/debug/java21-openjdk/jdk21u-jdk-21.0.11-10/src/hotspot/share/interpreter/linkResolver.cpp, line 772]
Event: 9.100 Thread 0x00007f406401d2b0 Exception <a 'java/lang/NoSuchMethodError'{0x00000000c700ec98}: 'void java.lang.invoke.DirectMethodHandle$Holder.invokeSpecial(java.lang.Object, java.lang.Object, int)'> (0x00000000c700ec98) 
thrown [/usr/src/debug/java21-openjdk/jdk21u-jdk-21.0.11-10/src/hotspot/share/interpreter/linkResolver.cpp, line 772]
Event: 9.129 Thread 0x00007f406401d2b0 Exception <a 'java/io/FileNotFoundException'{0x00000000c6f21898}> (0x00000000c6f21898) 
thrown [/usr/src/debug/java21-openjdk/jdk21u-jdk-21.0.11-10/src/hotspot/share/prims/jni.cpp, line 520]
Event: 9.129 Thread 0x00007f406401d2b0 Exception <a 'java/io/FileNotFoundException'{0x00000000c6f22db8}> (0x00000000c6f22db8) 
thrown [/usr/src/debug/java21-openjdk/jdk21u-jdk-21.0.11-10/src/hotspot/share/prims/jni.cpp, line 520]
Event: 9.163 Thread 0x00007f406401d2b0 Exception <a 'java/io/FileNotFoundException'{0x00000000c6e6e6d0}> (0x00000000c6e6e6d0) 
thrown [/usr/src/debug/java21-openjdk/jdk21u-jdk-21.0.11-10/src/hotspot/share/prims/jni.cpp, line 520]
Event: 9.473 Thread 0x00007f406401d2b0 Exception <a 'java/lang/NoSuchMethodError'{0x00000000c6b537f8}: 'java.lang.Object java.lang.invoke.DirectMethodHandle$Holder.invokeVirtual(java.lang.Object, java.lang.Object, int)'> (0x00000000c6b537f8) 
thrown [/usr/src/debug/java21-openjdk/jdk21u-jdk-21.0.11-10/src/hotspot/share/interpreter/linkResolver.cpp, line 772]
Event: 9.896 Thread 0x00007f406401d2b0 Exception <a 'java/lang/IncompatibleClassChangeError'{0x00000000c5e66120}: Found class java.lang.Object, but interface was expected> (0x00000000c5e66120) 
thrown [/usr/src/debug/java21-openjdk/jdk21u-jdk-21.0.11-10/src/hotspot/share/interpreter/linkResolver.cpp, line 840]
Event: 9.944 Thread 0x00007f3f24005290 Exception <a 'java/lang/NoSuchMethodError'{0x00000000c5d8c898}: 'java.lang.Object java.lang.invoke.DirectMethodHandle$Holder.invokeSpecial(java.lang.Object, java.lang.Object, long, java.lang.Object)'> (0x00000000c5d8c898) 
thrown [/usr/src/debug/java21-openjdk/jdk21u-jdk-21.0.11-10/src/hotspot/share/interpreter/linkResolver.cpp, line 772]
Event: 9.975 Thread 0x00007f406401d2b0 Exception <a 'java/lang/NoSuchMethodError'{0x00000000c5d7ac58}: 'void java.lang.invoke.DirectMethodHandle$Holder.invokeSpecial(java.lang.Object, java.lang.Object, java.lang.Object, int, int)'> (0x00000000c5d7ac58) 
thrown [/usr/src/debug/java21-openjdk/jdk21u-jdk-21.0.11-10/src/hotspot/share/interpreter/linkResolver.cpp, line 772]
Event: 10.179 Thread 0x00007f406401d2b0 Implicit null exception at 0x00007f405442b7e0 to 0x00007f405442cd64
Event: 10.455 Thread 0x00007f406401d2b0 Exception <a 'java/io/FileNotFoundException'{0x00000000c4b1f2e8}> (0x00000000c4b1f2e8) 
thrown [/usr/src/debug/java21-openjdk/jdk21u-jdk-21.0.11-10/src/hotspot/share/prims/jni.cpp, line 520]
Event: 10.718 Thread 0x00007f3f18001480 Implicit null exception at 0x00007f4053fe7071 to 0x00007f4053fe712c
Event: 10.807 Thread 0x00007f3f18001480 Exception <a 'java/lang/NoSuchMethodError'{0x00000000fffc3cf0}: 'java.lang.Object java.lang.invoke.Invokers$Holder.invoke_MT(java.lang.Object, java.lang.Object, java.lang.Object, java.lang.Object, java.lang.Object, java.lang.Object)'> (0x00000000fffc3cf0) 
thrown [/usr/src/debug/java21-openjdk/jdk21u-jdk-21.0.11-10/src/hotspot/share/interpreter/linkResolver.cpp, line 772]
Event: 10.856 Thread 0x00007f406401d2b0 Exception <a 'java/lang/NoSuchMethodError'{0x00000000c7912348}: 'long java.lang.invoke.DirectMethodHandle$Holder.invokeStatic(java.lang.Object, java.lang.Object)'> (0x00000000c7912348) 
thrown [/usr/src/debug/java21-openjdk/jdk21u-jdk-21.0.11-10/src/hotspot/share/interpreter/linkResolver.cpp, line 772]
Event: 10.911 Thread 0x00007f406401d2b0 Implicit null exception at 0x00007f40544d2fa9 to 0x00007f40544d358c

ZGC Phase Switch (0 events):
No events

VM Operations (20 events):
Event: 10.716 Executing non-safepoint VM operation: HandshakeAllThreads (Deoptimize)
Event: 10.716 Executing non-safepoint VM operation: HandshakeAllThreads (Deoptimize) done
Event: 10.731 Executing safepoint VM operation: ICBufferFull
Event: 10.731 Executing safepoint VM operation: ICBufferFull done
Event: 10.758 Executing safepoint VM operation: G1CollectForAllocation (G1 Evacuation Pause)
Event: 10.763 Executing safepoint VM operation: G1CollectForAllocation (G1 Evacuation Pause) done
Event: 10.811 Executing non-safepoint VM operation: HandshakeAllThreads (Deoptimize)
Event: 10.812 Executing non-safepoint VM operation: HandshakeAllThreads (Deoptimize) done
Event: 10.814 Executing non-safepoint VM operation: HandshakeAllThreads (Deoptimize)
Event: 10.814 Executing non-safepoint VM operation: HandshakeAllThreads (Deoptimize) done
Event: 10.843 Executing non-safepoint VM operation: HandshakeAllThreads (Deoptimize)
Event: 10.843 Executing non-safepoint VM operation: HandshakeAllThreads (Deoptimize) done
Event: 10.903 Executing non-safepoint VM operation: HandshakeAllThreads (Deoptimize)
Event: 10.903 Executing non-safepoint VM operation: HandshakeAllThreads (Deoptimize) done
Event: 11.000 Executing safepoint VM operation: ICBufferFull
Event: 11.000 Executing safepoint VM operation: ICBufferFull done
Event: 11.359 Executing non-safepoint VM operation: HandshakeAllThreads (Deoptimize)
Event: 11.359 Executing non-safepoint VM operation: HandshakeAllThreads (Deoptimize) done
Event: 11.572 Executing safepoint VM operation: ICBufferFull
Event: 11.572 Executing safepoint VM operation: ICBufferFull done

Memory protections (20 events):
Event: 5.243 Protecting memory [0x00007f3f7e9fe000,0x00007f3f7ea02000] with protection modes 0
Event: 5.542 Protecting memory [0x00007f3f7e8fd000,0x00007f3f7e901000] with protection modes 0
Event: 5.545 Protecting memory [0x00007f3f7e7fc000,0x00007f3f7e800000] with protection modes 0
Event: 6.040 Protecting memory [0x00007f3f7eaff000,0x00007f3f7eb03000] with protection modes 0
Event: 6.286 Protecting memory [0x00007f3f7e6fb000,0x00007f3f7e6ff000] with protection modes 0
Event: 6.746 Protecting memory [0x00007f3f7e2f9000,0x00007f3f7e2fd000] with protection modes 0
Event: 8.395 Protecting memory [0x00007f3f7d256000,0x00007f3f7d25a000] with protection modes 0
Event: 8.399 Protecting memory [0x00007f3f7def7000,0x00007f3f7defb000] with protection modes 0
Event: 8.400 Protecting memory [0x00007f3f7d055000,0x00007f3f7d059000] with protection modes 0
Event: 8.523 Protecting memory [0x00007f3f7e2f9000,0x00007f3f7e2fd000] with protection modes 0
Event: 8.525 Protecting memory [0x00007f3f7c8f0000,0x00007f3f7c8f4000] with protection modes 0
Event: 9.040 Protecting memory [0x00007f3f7c39d000,0x00007f3f7c3a1000] with protection modes 0
Event: 9.040 Protecting memory [0x00007f3f7e0f8000,0x00007f3f7e0fc000] with protection modes 0
Event: 10.140 Protecting memory [0x00007f3f7e9fe000,0x00007f3f7ea02000] with protection modes 0
Event: 10.207 Protecting memory [0x00007f3f7daf5000,0x00007f3f7daf9000] with protection modes 0
Event: 10.769 Protecting memory [0x00007f3f7ccf2000,0x00007f3f7ccf6000] with protection modes 0
Event: 10.804 Protecting memory [0x00007f3f7ccf2000,0x00007f3f7ccf6000] with protection modes 0
Event: 10.813 Protecting memory [0x00007f3f7ccf2000,0x00007f3f7ccf6000] with protection modes 0
Event: 11.062 Protecting memory [0x00007f3f7e9fe000,0x00007f3f7ea02000] with protection modes 0
Event: 11.647 Protecting memory [0x00007f3f7c59e000,0x00007f3f7c5a2000] with protection modes 0

Nmethod flushes (20 events):
Event: 8.795 Thread 0x00007f40640e4150 flushing  nmethod 0x00007f404cbe2e90
Event: 8.795 Thread 0x00007f40640e4150 flushing osr nmethod 0x00007f404cbe3a10
Event: 8.795 Thread 0x00007f40640e4150 flushing  nmethod 0x00007f404cc44990
Event: 8.795 Thread 0x00007f40640e4150 flushing  nmethod 0x00007f404cc48b90
Event: 8.795 Thread 0x00007f40640e4150 flushing  nmethod 0x00007f404cc49710
Event: 8.795 Thread 0x00007f40640e4150 flushing  nmethod 0x00007f404cc4a910
Event: 8.795 Thread 0x00007f40640e4150 flushing  nmethod 0x00007f404cd26a90
Event: 8.795 Thread 0x00007f40640e4150 flushing  nmethod 0x00007f404cd2c690
Event: 8.795 Thread 0x00007f40640e4150 flushing  nmethod 0x00007f404cdb0a10
Event: 8.795 Thread 0x00007f40640e4150 flushing  nmethod 0x00007f404cdb1610
Event: 8.795 Thread 0x00007f40640e4150 flushing  nmethod 0x00007f404cdb5590
Event: 8.795 Thread 0x00007f40640e4150 flushing  nmethod 0x00007f404cdbc390
Event: 8.795 Thread 0x00007f40640e4150 flushing  nmethod 0x00007f404cdbe810
Event: 8.795 Thread 0x00007f40640e4150 flushing  nmethod 0x00007f404cdbf990
Event: 8.795 Thread 0x00007f40640e4150 flushing  nmethod 0x00007f404cdcb790
Event: 8.795 Thread 0x00007f40640e4150 flushing  nmethod 0x00007f404ce51710
Event: 8.795 Thread 0x00007f40640e4150 flushing  nmethod 0x00007f404ce54a10
Event: 8.795 Thread 0x00007f40640e4150 flushing  nmethod 0x00007f404ce58110
Event: 8.795 Thread 0x00007f40640e4150 flushing  nmethod 0x00007f404ce59410
Event: 8.795 Thread 0x00007f40640e4150 flushing  nmethod 0x00007f404ce59710

Events (20 events):
Event: 6.746 Thread 0x00007f406401d2b0 Thread added: 0x00007f4065455f70
Event: 6.752 Thread 0x00007f4065455f70 Thread exited: 0x00007f4065455f70
Event: 8.395 Thread 0x00007f406401d2b0 Thread added: 0x00007f4065298f90
Event: 8.399 Thread 0x00007f4065298f90 Thread added: 0x00007f40300055d0
Event: 8.400 Thread 0x00007f4065298f90 Thread added: 0x00007f403000bee0
Event: 8.523 Thread 0x00007f406401d2b0 Thread added: 0x00007f4065265fb0
Event: 8.525 Thread 0x00007f406401d2b0 Thread added: 0x00007f40652a7e50
Event: 9.040 Thread 0x00007f4064b8c0c0 Thread added: 0x00007f3f24005290
Event: 9.040 Thread 0x00007f3f18001480 Thread added: 0x00007f3f1c0206c0
Event: 9.206 Thread 0x00007f3fc48ef960 Thread exited: 0x00007f3fc48ef960
Event: 10.140 Thread 0x00007f40640f5f70 Thread added: 0x00007f3fc4aa3fd0
Event: 10.207 Thread 0x00007f4064b8c0c0 Thread added: 0x00007f3f24004aa0
Event: 10.769 Thread 0x00007f3f18001480 Thread added: 0x00007f3f1c0f3fc0
Event: 10.769 Thread 0x00007f3f1c0f3fc0 Thread exited: 0x00007f3f1c0f3fc0
Event: 10.804 Thread 0x00007f406401d2b0 Thread added: 0x00007f406504cf60
Event: 10.805 Thread 0x00007f406504cf60 Thread exited: 0x00007f406504cf60
Event: 10.813 Thread 0x00007f3f18001480 Thread added: 0x00007f3f1c2b0330
Event: 10.997 Thread 0x00007f3fc4aa3fd0 Thread exited: 0x00007f3fc4aa3fd0
Event: 11.062 Thread 0x00007f40640f48a0 Thread added: 0x00007f3fd004cd10
Event: 11.647 Thread 0x00007f406401d2b0 Thread added: 0x00007f4064182500


Dynamic libraries:
c0000000-c7b00000 rw-p 00000000 00:00 0 
c7b00000-c8500000 ---p 00000000 00:00 0 
c8500000-c8600000 rw-p 00000000 00:00 0 
c8600000-ffa00000 ---p 00000000 00:00 0 
ffa00000-ffb00000 rw-p 00000000 00:00 0 
ffb00000-ffd00000 ---p 00000000 00:00 0 
ffd00000-ffe00000 rw-p 00000000 00:00 0 
ffe00000-fff0d000 rw-p 00cda000 00:1c 1096935                            /usr/lib/jvm/java-21-openjdk/lib/server/classes.jsa
fff0d000-100000000 rw-p 00000000 00:00 0 
5643e5454000-5643e5455000 r--p 00000000 00:1c 1096661                    /usr/lib/jvm/java-21-openjdk/bin/java
5643e5455000-5643e5456000 r-xp 00001000 00:1c 1096661                    /usr/lib/jvm/java-21-openjdk/bin/java
5643e5456000-5643e5457000 r--p 00002000 00:1c 1096661                    /usr/lib/jvm/java-21-openjdk/bin/java
5643e5457000-5643e5458000 r--p 00002000 00:1c 1096661                    /usr/lib/jvm/java-21-openjdk/bin/java
5643e5458000-5643e5459000 rw-p 00003000 00:1c 1096661                    /usr/lib/jvm/java-21-openjdk/bin/java
564403de6000-564403e34000 rw-p 00000000 00:00 0                          [heap]
7f3ef9800000-7f3ef9c74000 rw-s 00000000 00:01 62929                      /memfd:gdk-wayland (deleted)
7f3ef9dce000-7f3efa160000 rw-p 00000000 00:00 0 
7f3efa160000-7f3efe000000 ---p 00000000 00:00 0 
7f3efe400000-7f3efe680000 rw-s 00000000 00:01 62931                      /memfd:gdk-wayland (deleted)
7f3efe7ff000-7f3efea00000 rw-p 00000000 00:00 0 
7f3eff493000-7f3eff56a000 r--p 00000000 00:1c 509389                     /usr/share/fonts/Adwaita/AdwaitaSans-Regular.ttf
7f3eff56a000-7f3eff641000 r--p 00000000 00:1c 509389                     /usr/share/fonts/Adwaita/AdwaitaSans-Regular.ttf
7f3eff641000-7f3eff6d7000 r--p 00000000 00:1c 1403550                    /usr/share/fonts/noto/NotoSansMono-Bold.ttf
7f3eff6d7000-7f3eff76d000 r--p 00000000 00:1c 1403550                    /usr/share/fonts/noto/NotoSansMono-Bold.ttf
7f3eff76d000-7f3eff7ff000 r--p 00000000 00:1c 1403553                    /usr/share/fonts/noto/NotoSansMono-Regular.ttf
7f3eff7ff000-7f3effa00000 rw-p 00000000 00:00 0 
7f3effaea000-7f3effb88000 rw-s 00000000 00:01 62927                      /memfd:gdk-wayland (deleted)
7f3effb88000-7f3effd89000 rw-p 00000000 00:00 0 
7f3effe56000-7f3effec5000 rw-s 00000000 00:01 62930                      /memfd:gdk-wayland (deleted)
7f3effec5000-7f3efff63000 r--p 00000000 00:1c 1403306                    /usr/share/fonts/noto/NotoSans-BoldItalic.ttf
7f3efff63000-7f3f00000000 r--p 00000000 00:1c 1403307                    /usr/share/fonts/noto/NotoSans-Italic.ttf
7f3f00000000-7f3f00041000 rw-p 00000000 00:00 0 
7f3f00041000-7f3f04000000 ---p 00000000 00:00 0 
7f3f04000000-7f3f04050000 rw-p 00000000 00:00 0 
7f3f04050000-7f3f08000000 ---p 00000000 00:00 0 
7f3f08000000-7f3f08034000 rw-p 00000000 00:00 0 
7f3f08034000-7f3f0c000000 ---p 00000000 00:00 0 
7f3f0c000000-7f3f0c034000 rw-p 00000000 00:00 0 
7f3f0c034000-7f3f10000000 ---p 00000000 00:00 0 
7f3f10000000-7f3f113fc000 rw-p 00000000 00:00 0 
7f3f113fc000-7f3f14000000 ---p 00000000 00:00 0 
7f3f14000000-7f3f14034000 rw-p 00000000 00:00 0 
7f3f14034000-7f3f18000000 ---p 00000000 00:00 0 
7f3f18000000-7f3f18021000 rw-p 00000000 00:00 0 
7f3f18021000-7f3f1c000000 ---p 00000000 00:00 0 
7f3f1c000000-7f3f1c7dd000 rw-p 00000000 00:00 0 
7f3f1c7dd000-7f3f20000000 ---p 00000000 00:00 0 
7f3f20000000-7f3f20021000 rw-p 00000000 00:00 0 
7f3f20021000-7f3f24000000 ---p 00000000 00:00 0 
7f3f24000000-7f3f24021000 rw-p 00000000 00:00 0 
7f3f24021000-7f3f28000000 ---p 00000000 00:00 0 
7f3f28000000-7f3f28021000 rw-p 00000000 00:00 0 
7f3f28021000-7f3f2c000000 ---p 00000000 00:00 0 
7f3f2c000000-7f3f2c026000 rw-p 00000000 00:00 0 
7f3f2c026000-7f3f30000000 ---p 00000000 00:00 0 
7f3f30000000-7f3f30021000 rw-p 00000000 00:00 0 
7f3f30021000-7f3f34000000 ---p 00000000 00:00 0 
7f3f34000000-7f3f34021000 rw-p 00000000 00:00 0 
7f3f34021000-7f3f38000000 ---p 00000000 00:00 0 
7f3f38000000-7f3f38021000 rw-p 00000000 00:00 0 
7f3f38021000-7f3f3c000000 ---p 00000000 00:00 0 
7f3f3c000000-7f3f3c051000 rw-p 00000000 00:00 0 
7f3f3c051000-7f3f40000000 ---p 00000000 00:00 0 
7f3f40000000-7f3f40021000 rw-p 00000000 00:00 0 
7f3f40021000-7f3f44000000 ---p 00000000 00:00 0 
7f3f44000000-7f3f44025000 rw-p 00000000 00:00 0 
7f3f44025000-7f3f48000000 ---p 00000000 00:00 0 
7f3f48000000-7f3f48039000 rw-p 00000000 00:00 0 
7f3f48039000-7f3f4c000000 ---p 00000000 00:00 0 
7f3f4c000000-7f3f4c021000 rw-p 00000000 00:00 0 
7f3f4c021000-7f3f50000000 ---p 00000000 00:00 0 
7f3f50000000-7f3f5009b000 rw-p 00000000 00:00 0 
7f3f5009b000-7f3f54000000 ---p 00000000 00:00 0 
7f3f54000000-7f3f5482b000 rw-p 00000000 00:00 0 
7f3f5482b000-7f3f58000000 ---p 00000000 00:00 0 
7f3f58000000-7f3f58021000 rw-p 00000000 00:00 0 
7f3f58021000-7f3f5c000000 ---p 00000000 00:00 0 
7f3f5c000000-7f3f5c021000 rw-p 00000000 00:00 0 
7f3f5c021000-7f3f60000000 ---p 00000000 00:00 0 
7f3f60000000-7f3f60021000 rw-p 00000000 00:00 0 
7f3f60021000-7f3f64000000 ---p 00000000 00:00 0 
7f3f64000000-7f3f64021000 rw-p 00000000 00:00 0 
7f3f64021000-7f3f68000000 ---p 00000000 00:00 0 
7f3f68000000-7f3f68034000 rw-p 00000000 00:00 0 
7f3f68034000-7f3f6c000000 ---p 00000000 00:00 0 
7f3f6c000000-7f3f6ce59000 rw-p 00000000 00:00 0 
7f3f6ce59000-7f3f70000000 ---p 00000000 00:00 0 
7f3f70000000-7f3f70034000 rw-p 00000000 00:00 0 
7f3f70034000-7f3f74000000 ---p 00000000 00:00 0 
7f3f74000000-7f3f74034000 rw-p 00000000 00:00 0 
7f3f74034000-7f3f78000000 ---p 00000000 00:00 0 
7f3f78000000-7f3f78034000 rw-p 00000000 00:00 0 
7f3f78034000-7f3f7c000000 ---p 00000000 00:00 0 
7f3f7c060000-7f3f7c0fe000 r--p 00000000 00:1c 1403306                    /usr/share/fonts/noto/NotoSans-BoldItalic.ttf
7f3f7c0fe000-7f3f7c19b000 r--p 00000000 00:1c 1403307                    /usr/share/fonts/noto/NotoSans-Italic.ttf
7f3f7c19b000-7f3f7c39d000 rw-p 00000000 00:00 0 
7f3f7c39d000-7f3f7c3a1000 ---p 00000000 00:00 0 
7f3f7c3a1000-7f3f7c59e000 rw-p 00000000 00:00 0 
7f3f7c59e000-7f3f7c5a2000 ---p 00000000 00:00 0 
7f3f7c5a2000-7f3f7c79e000 rw-p 00000000 00:00 0 
7f3f7c79e000-7f3f7c7ac000 r--p 00000000 00:1c 1096892                    /usr/lib/jvm/java-21-openjdk/lib/libawt_xawt.so
7f3f7c7ac000-7f3f7c7f5000 r-xp 0000e000 00:1c 1096892                    /usr/lib/jvm/java-21-openjdk/lib/libawt_xawt.so
7f3f7c7f5000-7f3f7c809000 r--p 00057000 00:1c 1096892                    /usr/lib/jvm/java-21-openjdk/lib/libawt_xawt.so
7f3f7c809000-7f3f7c80b000 r--p 0006b000 00:1c 1096892                    /usr/lib/jvm/java-21-openjdk/lib/libawt_xawt.so
7f3f7c80b000-7f3f7c80d000 rw-p 0006d000 00:1c 1096892                    /usr/lib/jvm/java-21-openjdk/lib/libawt_xawt.so
7f3f7c80d000-7f3f7c80f000 rw-p 00000000 00:00 0 
7f3f7c80f000-7f3f7c814000 r--p 00000000 00:1c 1096890                    /usr/lib/jvm/java-21-openjdk/lib/libawt.so
7f3f7c814000-7f3f7c8b1000 r-xp 00005000 00:1c 1096890                    /usr/lib/jvm/java-21-openjdk/lib/libawt.so
7f3f7c8b1000-7f3f7c8be000 r--p 000a2000 00:1c 1096890                    /usr/lib/jvm/java-21-openjdk/lib/libawt.so
7f3f7c8be000-7f3f7c8bf000 r--p 000ae000 00:1c 1096890                    /usr/lib/jvm/java-21-openjdk/lib/libawt.so
7f3f7c8bf000-7f3f7c8ca000 rw-p 000af000 00:1c 1096890                    /usr/lib/jvm/java-21-openjdk/lib/libawt.so
7f3f7c8ca000-7f3f7c8ef000 rw-p 00000000 00:00 0 
7f3f7c8ef000-7f3f7c8f0000 rw-p 00000000 00:00 0 
7f3f7c8f0000-7f3f7c8f4000 ---p 00000000 00:00 0 
7f3f7c8f4000-7f3f7ccf2000 rw-p 00000000 00:00 0 
7f3f7ccf2000-7f3f7ccf6000 ---p 00000000 00:00 0 
7f3f7ccf6000-7f3f7cef2000 rw-p 00000000 00:00 0 
7f3f7cef2000-7f3f7cfa3000 r--p 00000000 00:1c 1525463                    /usr/share/icons/breeze/icon-theme.cache
7f3f7cfa3000-7f3f7d054000 r--p 00000000 00:1c 1525462                    /usr/share/icons/breeze-dark/icon-theme.cache
7f3f7d054000-7f3f7d055000 rw-p 00000000 00:00 0 
7f3f7d055000-7f3f7d059000 ---p 00000000 00:00 0 
7f3f7d059000-7f3f7d256000 rw-p 00000000 00:00 0 
7f3f7d256000-7f3f7d25a000 ---p 00000000 00:00 0 
7f3f7d25a000-7f3f7d456000 rw-p 00000000 00:00 0 
7f3f7d456000-7f3f7d4f1000 r--p 00000000 00:1c 1403305                    /usr/share/fonts/noto/NotoSans-Bold.ttf
7f3f7d4f1000-7f3f7daf5000 rw-p 00000000 00:00 0 
7f3f7daf5000-7f3f7daf9000 ---p 00000000 00:00 0 
7f3f7daf9000-7f3f7def7000 rw-p 00000000 00:00 0 
7f3f7def7000-7f3f7defb000 ---p 00000000 00:00 0 
7f3f7defb000-7f3f7e0f8000 rw-p 00000000 00:00 0 
7f3f7e0f8000-7f3f7e0fc000 ---p 00000000 00:00 0 
7f3f7e0fc000-7f3f7e2f9000 rw-p 00000000 00:00 0 
7f3f7e2f9000-7f3f7e2fd000 ---p 00000000 00:00 0 
7f3f7e2fd000-7f3f7e6fb000 rw-p 00000000 00:00 0 
7f3f7e6fb000-7f3f7e6ff000 ---p 00000000 00:00 0 
7f3f7e6ff000-7f3f7e7fc000 rw-p 00000000 00:00 0 
7f3f7e7fc000-7f3f7e800000 ---p 00000000 00:00 0 
7f3f7e800000-7f3f7e8fd000 rw-p 00000000 00:00 0 
7f3f7e8fd000-7f3f7e901000 ---p 00000000 00:00 0 
7f3f7e901000-7f3f7e9fe000 rw-p 00000000 00:00 0 
7f3f7e9fe000-7f3f7ea02000 ---p 00000000 00:00 0 
7f3f7ea02000-7f3f7eaff000 rw-p 00000000 00:00 0 
7f3f7eaff000-7f3f7eb03000 ---p 00000000 00:00 0 
7f3f7eb03000-7f3f7ed00000 rw-p 00000000 00:00 0 
7f3f7ed00000-7f3f7ed04000 ---p 00000000 00:00 0 
7f3f7ed04000-7f3f7ee00000 rw-p 00000000 00:00 0 
7f3f7ee00000-7f3f7ee02000 r-xp 00000000 00:1c 6770544                    /home/bryanmax9/.eclipse/org.jkiss.dbeaver.product_26.1.0_1078795723_linux_gtk_x86_64/configuration/org.eclipse.osgi/49/0/.cp/os/linux/x86_64/libunixfile_1_0_0.so
7f3f7ee02000-7f3f7f001000 ---p 00002000 00:1c 6770544                    /home/bryanmax9/.eclipse/org.jkiss.dbeaver.product_26.1.0_1078795723_linux_gtk_x86_64/configuration/org.eclipse.osgi/49/0/.cp/os/linux/x86_64/libunixfile_1_0_0.so
7f3f7f001000-7f3f7f002000 r--p 00001000 00:1c 6770544                    /home/bryanmax9/.eclipse/org.jkiss.dbeaver.product_26.1.0_1078795723_linux_gtk_x86_64/configuration/org.eclipse.osgi/49/0/.cp/os/linux/x86_64/libunixfile_1_0_0.so
7f3f7f002000-7f3f7f003000 rw-p 00002000 00:1c 6770544                    /home/bryanmax9/.eclipse/org.jkiss.dbeaver.product_26.1.0_1078795723_linux_gtk_x86_64/configuration/org.eclipse.osgi/49/0/.cp/os/linux/x86_64/libunixfile_1_0_0.so
7f3f7f011000-7f3f7f056000 rw-s 00000000 00:01 65905                      /memfd:gdk-wayland (deleted)
7f3f7f056000-7f3f7f0f1000 r--p 00000000 00:1c 1403305                    /usr/share/fonts/noto/NotoSans-Bold.ttf
7f3f7f0f1000-7f3f7f0f2000 rw-p 00000000 00:00 0 
7f3f7f0f2000-7f3f7f0f6000 ---p 00000000 00:00 0 
7f3f7f0f6000-7f3f7f1f3000 rw-p 00000000 00:00 0 
7f3f7f1f3000-7f3f7f1f7000 ---p 00000000 00:00 0 
7f3f7f1f7000-7f3f7f2f4000 rw-p 00000000 00:00 0 
7f3f7f2f4000-7f3f7f2f8000 ---p 00000000 00:00 0 
7f3f7f2f8000-7f3f7f3f5000 rw-p 00000000 00:00 0 
7f3f7f3f5000-7f3f7f3f9000 ---p 00000000 00:00 0 
7f3f7f3f9000-7f3f7f4f6000 rw-p 00000000 00:00 0 
7f3f7f4f6000-7f3f7f4fa000 ---p 00000000 00:00 0 
7f3f7f4fa000-7f3f7f7f9000 rw-p 00000000 00:00 0 
7f3f7f7f9000-7f3f7f7fd000 ---p 00000000 00:00 0 
7f3f7f7fd000-7f3f7f9fb000 rw-p 00000000 00:00 0 
7f3f7f9fb000-7f3f7f9ff000 ---p 00000000 00:00 0 
7f3f7f9ff000-7f3f7fafc000 rw-p 00000000 00:00 0 
7f3f7fafc000-7f3f7fb00000 ---p 00000000 00:00 0 
7f3f7fb00000-7f3f7fbfd000 rw-p 00000000 00:00 0 
7f3f7fbfd000-7f3f7fc01000 ---p 00000000 00:00 0 
7f3f7fc01000-7f3f7fcfe000 rw-p 00000000 00:00 0 
7f3f7fcfe000-7f3f7fd02000 ---p 00000000 00:00 0 
7f3f7fd02000-7f3f7fdff000 rw-p 00000000 00:00 0 
7f3f7fdff000-7f3f7fe03000 ---p 00000000 00:00 0 
7f3f7fe03000-7f3f7ff00000 rw-p 00000000 00:00 0 
7f3f7ff00000-7f3f7ff04000 ---p 00000000 00:00 0 
7f3f7ff04000-7f3f80000000 rw-p 00000000 00:00 0 
7f3f80000000-7f3f80034000 rw-p 00000000 00:00 0 
7f3f80034000-7f3f84000000 ---p 00000000 00:00 0 
7f3f84000000-7f3f84034000 rw-p 00000000 00:00 0 
7f3f84034000-7f3f88000000 ---p 00000000 00:00 0 
7f3f88000000-7f3f88052000 rw-p 00000000 00:00 0 
7f3f88052000-7f3f8c000000 ---p 00000000 00:00 0 
7f3f8c000000-7f3f8c021000 rw-p 00000000 00:00 0 
7f3f8c021000-7f3f90000000 ---p 00000000 00:00 0 
7f3f90000000-7f3f90045000 rw-p 00000000 00:00 0 
7f3f90045000-7f3f94000000 ---p 00000000 00:00 0 
7f3f94000000-7f3f94021000 rw-p 00000000 00:00 0 
7f3f94021000-7f3f98000000 ---p 00000000 00:00 0 
7f3f98000000-7f3f98021000 rw-p 00000000 00:00 0 
7f3f98021000-7f3f9c000000 ---p 00000000 00:00 0 
7f3f9c000000-7f3f9c034000 rw-p 00000000 00:00 0 
7f3f9c034000-7f3fa0000000 ---p 00000000 00:00 0 
7f3fa0000000-7f3fa0021000 rw-p 00000000 00:00 0 
7f3fa0021000-7f3fa4000000 ---p 00000000 00:00 0 
7f3fa4000000-7f3fa4021000 rw-p 00000000 00:00 0 
7f3fa4021000-7f3fa8000000 ---p 00000000 00:00 0 
7f3fa8000000-7f3fa8021000 rw-p 00000000 00:00 0 
7f3fa8021000-7f3fac000000 ---p 00000000 00:00 0 
7f3fac000000-7f3fac021000 rw-p 00000000 00:00 0 
7f3fac021000-7f3fb0000000 ---p 00000000 00:00 0 
7f3fb0000000-7f3fb0021000 rw-p 00000000 00:00 0 
7f3fb0021000-7f3fb4000000 ---p 00000000 00:00 0 
7f3fb4000000-7f3fb4082000 rw-p 00000000 00:00 0 
7f3fb4082000-7f3fb8000000 ---p 00000000 00:00 0 
7f3fb804d000-7f3fb8050000 r--p 00000000 00:1c 1096895                    /usr/lib/jvm/java-21-openjdk/lib/libfontmanager.so
7f3fb8050000-7f3fb8058000 r-xp 00003000 00:1c 1096895                    /usr/lib/jvm/java-21-openjdk/lib/libfontmanager.so
7f3fb8058000-7f3fb805a000 r--p 0000b000 00:1c 1096895                    /usr/lib/jvm/java-21-openjdk/lib/libfontmanager.so
7f3fb805a000-7f3fb805b000 r--p 0000c000 00:1c 1096895                    /usr/lib/jvm/java-21-openjdk/lib/libfontmanager.so
7f3fb805b000-7f3fb805c000 rw-p 0000d000 00:1c 1096895                    /usr/lib/jvm/java-21-openjdk/lib/libfontmanager.so
7f3fb805c000-7f3fb80ee000 r--p 00000000 00:1c 1403553                    /usr/share/fonts/noto/NotoSansMono-Regular.ttf
7f3fb80ee000-7f3fb83f2000 rw-p 00000000 00:00 0 
7f3fb83f2000-7f3fb83f6000 ---p 00000000 00:00 0 
7f3fb83f6000-7f3fb85f3000 rw-p 00000000 00:00 0 
7f3fb85f3000-7f3fb85f7000 ---p 00000000 00:00 0 
7f3fb85f7000-7f3fb87f4000 rw-p 00000000 00:00 0 
7f3fb87f4000-7f3fb87f8000 ---p 00000000 00:00 0 
7f3fb87f8000-7f3fb8bf6000 rw-p 00000000 00:00 0 
7f3fb8bf6000-7f3fb8bfa000 ---p 00000000 00:00 0 
7f3fb8bfa000-7f3fb8df7000 rw-p 00000000 00:00 0 
7f3fb8df7000-7f3fb8dfb000 ---p 00000000 00:00 0 
7f3fb8dfb000-7f3fb8ff8000 rw-p 00000000 00:00 0 
7f3fb8ff8000-7f3fb8ffc000 ---p 00000000 00:00 0 
7f3fb8ffc000-7f3fb91f9000 rw-p 00000000 00:00 0 
7f3fb91f9000-7f3fb91fd000 ---p 00000000 00:00 0 
7f3fb91fd000-7f3fbc000000 rw-p 00000000 00:00 0 
7f3fbc000000-7f3fbc021000 rw-p 00000000 00:00 0 
7f3fbc021000-7f3fc0000000 ---p 00000000 00:00 0 
7f3fc0000000-7f3fc138d000 rw-p 00000000 00:00 0 
7f3fc138d000-7f3fc4000000 ---p 00000000 00:00 0 
7f3fc4000000-7f3fc4b26000 rw-p 00000000 00:00 0 
7f3fc4b26000-7f3fc8000000 ---p 00000000 00:00 0 
7f3fc8000000-7f3fc8021000 rw-p 00000000 00:00 0 
7f3fc8021000-7f3fcc000000 ---p 00000000 00:00 0 
7f3fcc000000-7f3fcc021000 rw-p 00000000 00:00 0 
7f3fcc021000-7f3fd0000000 ---p 00000000 00:00 0 
7f3fd0000000-7f3fd134c000 rw-p 00000000 00:00 0 
7f3fd134c000-7f3fd4000000 ---p 00000000 00:00 0 
7f3fd4000000-7f3fd4021000 rw-p 00000000 00:00 0 
7f3fd4021000-7f3fd8000000 ---p 00000000 00:00 0 
7f3fd8000000-7f3fd84e5000 rw-p 00000000 00:00 0 
7f3fd84e5000-7f3fdc000000 ---p 00000000 00:00 0 
7f3fdc000000-7f3fdc021000 rw-p 00000000 00:00 0 
7f3fdc021000-7f3fe0000000 ---p 00000000 00:00 0 
7f3fe0000000-7f3fe0021000 rw-p 00000000 00:00 0 
7f3fe0021000-7f3fe4000000 ---p 00000000 00:00 0 
7f3fe4000000-7f3fe4058000 rw-p 00000000 00:00 0 
7f3fe4058000-7f3fe8000000 ---p 00000000 00:00 0 
7f3fe8004000-7f3fe8006000 r--p 00000000 00:1c 142175                     /usr/lib/libXtst.so.6.1.0
7f3fe8006000-7f3fe8009000 r-xp 00002000 00:1c 142175                     /usr/lib/libXtst.so.6.1.0
7f3fe8009000-7f3fe800a000 r--p 00005000 00:1c 142175                     /usr/lib/libXtst.so.6.1.0
7f3fe800a000-7f3fe800b000 r--p 00005000 00:1c 142175                     /usr/lib/libXtst.so.6.1.0
7f3fe800b000-7f3fe800c000 rw-p 00006000 00:1c 142175                     /usr/lib/libXtst.so.6.1.0
7f3fe800c000-7f3fe8013000 r--s 00000000 00:1c 1283082                    /usr/lib/gconv/gconv-modules.cache
7f3fe8013000-7f3fe801b000 r--p 00000000 00:1c 201165                     /usr/share/icons/AdwaitaLegacy/icon-theme.cache
7f3fe801b000-7f3fe8025000 r--p 00000000 00:1c 801179                     /usr/share/icons/Adwaita/icon-theme.cache
7f3fe804d000-7f3fe8050000 r--p 00000000 00:1c 6770566                    /home/bryanmax9/.eclipse/org.jkiss.dbeaver.product_26.1.0_1078795723_linux_gtk_x86_64/configuration/org.eclipse.osgi/152/0/.cp/libswt-atk-gtk-4972r7.so
7f3fe8050000-7f3fe8054000 r-xp 00003000 00:1c 6770566                    /home/bryanmax9/.eclipse/org.jkiss.dbeaver.product_26.1.0_1078795723_linux_gtk_x86_64/configuration/org.eclipse.osgi/152/0/.cp/libswt-atk-gtk-4972r7.so
7f3fe8054000-7f3fe8056000 r--p 00007000 00:1c 6770566                    /home/bryanmax9/.eclipse/org.jkiss.dbeaver.product_26.1.0_1078795723_linux_gtk_x86_64/configuration/org.eclipse.osgi/152/0/.cp/libswt-atk-gtk-4972r7.so
7f3fe8056000-7f3fe8057000 r--p 00008000 00:1c 6770566                    /home/bryanmax9/.eclipse/org.jkiss.dbeaver.product_26.1.0_1078795723_linux_gtk_x86_64/configuration/org.eclipse.osgi/152/0/.cp/libswt-atk-gtk-4972r7.so
7f3fe8057000-7f3fe8058000 rw-p 00009000 00:1c 6770566                    /home/bryanmax9/.eclipse/org.jkiss.dbeaver.product_26.1.0_1078795723_linux_gtk_x86_64/configuration/org.eclipse.osgi/152/0/.cp/libswt-atk-gtk-4972r7.so
7f3fe8058000-7f3fe8093000 r--p 00000000 00:1c 6770533                    /home/bryanmax9/.eclipse/org.jkiss.dbeaver.product_26.1.0_1078795723_linux_gtk_x86_64/configuration/org.eclipse.osgi/152/0/.cp/libswt-pi3-gtk-4972r7.so
7f3fe8093000-7f3fe80b4000 r-xp 0003b000 00:1c 6770533                    /home/bryanmax9/.eclipse/org.jkiss.dbeaver.product_26.1.0_1078795723_linux_gtk_x86_64/configuration/org.eclipse.osgi/152/0/.cp/libswt-pi3-gtk-4972r7.so
7f3fe80b4000-7f3fe80c7000 r--p 0005c000 00:1c 6770533                    /home/bryanmax9/.eclipse/org.jkiss.dbeaver.product_26.1.0_1078795723_linux_gtk_x86_64/configuration/org.eclipse.osgi/152/0/.cp/libswt-pi3-gtk-4972r7.so
7f3fe80c7000-7f3fe80c8000 r--p 0006e000 00:1c 6770533                    /home/bryanmax9/.eclipse/org.jkiss.dbeaver.product_26.1.0_1078795723_linux_gtk_x86_64/configuration/org.eclipse.osgi/152/0/.cp/libswt-pi3-gtk-4972r7.so
7f3fe80c8000-7f3fe80cb000 rw-p 0006f000 00:1c 6770533                    /home/bryanmax9/.eclipse/org.jkiss.dbeaver.product_26.1.0_1078795723_linux_gtk_x86_64/configuration/org.eclipse.osgi/152/0/.cp/libswt-pi3-gtk-4972r7.so
7f3fe80cb000-7f3fe80cc000 rw-p 00000000 00:00 0 
7f3fe80cc000-7f3fe8164000 r--p 00000000 00:1c 1403312                    /usr/share/fonts/noto/NotoSans-Regular.ttf
7f3fe8164000-7f3fe81fc000 r--p 00000000 00:1c 1403312                    /usr/share/fonts/noto/NotoSans-Regular.ttf
7f3fe81fc000-7f3fe81fd000 rw-p 00000000 00:00 0 
7f3fe81fd000-7f3fe8201000 ---p 00000000 00:00 0 
7f3fe8201000-7f3fe9000000 rw-p 00000000 00:00 0 
7f3fe9000000-7f3feaf94000 r--p 00000000 00:1c 513398                     /usr/lib/libicudata.so.78.3
7f3feaf94000-7f3feaf95000 r--p 01f93000 00:1c 513398                     /usr/lib/libicudata.so.78.3
7f3feaf97000-7f3feaf9b000 r--p 00000000 00:1c 1291825                    /usr/lib/libnss_mymachines.so.2
7f3feaf9b000-7f3feafe5000 r-xp 00004000 00:1c 1291825                    /usr/lib/libnss_mymachines.so.2
7f3feafe5000-7f3feaffc000 r--p 0004e000 00:1c 1291825                    /usr/lib/libnss_mymachines.so.2
7f3feaffc000-7f3feafff000 r--p 00065000 00:1c 1291825                    /usr/lib/libnss_mymachines.so.2
7f3feafff000-7f3feb000000 rw-p 00068000 00:1c 1291825                    /usr/lib/libnss_mymachines.so.2
7f3feb000000-7f3feb400000 rw-p 00000000 00:00 0 
7f3feb400000-7f3feb700000 rw-p 00000000 00:00 0 
7f3feb700000-7f3feb800000 rw-p 00000000 00:00 0 
7f3feb800000-7f3feb980000 rw-p 00000000 00:00 0 
7f3feb980000-7f3febb00000 rw-p 00000000 00:00 0 
7f3febb00000-7f3febc00000 rw-p 00000000 00:00 0 
7f3febc00000-7f3fec100000 rw-p 00000000 00:00 0 
7f3fec100000-7f3fec200000 rw-p 00000000 00:00 0 
7f3fec200000-7f3fec800000 rw-p 00000000 00:00 0 
7f3fec800000-7f3fec9c0000 rw-p 00000000 00:00 0 
7f3fec9c0000-7f3feca00000 rw-p 00000000 00:00 0 
7f3feca00000-7f3fecb00000 rw-p 00000000 00:00 0 
7f3fecb00000-7f3fecc00000 rw-p 00000000 00:00 0 
7f3fecc00000-7f3fed3c0000 rw-p 00000000 00:00 0 
7f3fed3c0000-7f3fed400000 rw-p 00000000 00:00 0 
7f3fed400000-7f3feda00000 rw-p 00000000 00:00 0 
7f3feda00000-7f3fedfc0000 rw-p 00000000 00:00 0 
7f3fedfc0000-7f3fee200000 rw-p 00000000 00:00 0 
7f3fee200000-7f3fee300000 rw-p 00000000 00:00 0 
7f3fee300000-7f3fee400000 rw-p 00000000 00:00 0 
7f3fee400000-7f3feeac0000 rw-p 00000000 00:00 0 
7f3feeac0000-7f3feeb00000 rw-p 00000000 00:00 0 
7f3feeb00000-7f3feed00000 rw-p 00000000 00:00 0 
7f3feed00000-7f3feee00000 rw-p 00000000 00:00 0 
7f3feee00000-7f3feef00000 rw-p 00000000 00:00 0 
7f3feef00000-7f3feeff0000 rw-p 00000000 00:00 0 
7f3feeff0000-7f3fef000000 ---p 00000000 00:00 0 
7f3fef000000-7f3fefc9b000 rw-p 00001000 00:1c 1096935                    /usr/lib/jvm/java-21-openjdk/lib/server/classes.jsa
7f3fefc9b000-7f3ff0000000 ---p 00000000 00:00 0 
7f3ff0000000-7f3ff0040000 rw-p 00000000 00:00 0 
7f3ff0040000-7f3ff00c0000 rw-p 00000000 00:00 0 
7f3ff00c0000-7f3ff0100000 rw-p 00000000 00:00 0 
7f3ff0100000-7f3ff0240000 rw-p 00000000 00:00 0 
7f3ff0240000-7f3ff0280000 rw-p 00000000 00:00 0 
7f3ff0280000-7f3ff0640000 rw-p 00000000 00:00 0 
7f3ff0640000-7f3ff0680000 rw-p 00000000 00:00 0 
7f3ff0680000-7f3ff08c0000 rw-p 00000000 00:00 0 
7f3ff08c0000-7f3ff0940000 rw-p 00000000 00:00 0 
7f3ff0940000-7f3ff09b0000 rw-p 00000000 00:00 0 
7f3ff09b0000-7f4030000000 ---p 00000000 00:00 0 
7f4030000000-7f4030021000 rw-p 00000000 00:00 0 
7f4030021000-7f4034000000 ---p 00000000 00:00 0 
7f4034000000-7f4034021000 rw-p 00000000 00:00 0 
7f4034021000-7f4038000000 ---p 00000000 00:00 0 
7f4038000000-7f4038021000 rw-p 00000000 00:00 0 
7f4038021000-7f403c000000 ---p 00000000 00:00 0 
7f403c002000-7f403c005000 r--p 00000000 00:1c 1291826                    /usr/lib/libnss_resolve.so.2
7f403c005000-7f403c02e000 r-xp 00003000 00:1c 1291826                    /usr/lib/libnss_resolve.so.2
7f403c02e000-7f403c042000 r--p 0002c000 00:1c 1291826                    /usr/lib/libnss_resolve.so.2
7f403c042000-7f403c049000 r--p 00040000 00:1c 1291826                    /usr/lib/libnss_resolve.so.2
7f403c049000-7f403c04a000 rw-p 00047000 00:1c 1291826                    /usr/lib/libnss_resolve.so.2
7f403c04a000-7f403c089000 r--p 00000000 00:1c 6770531                    /home/bryanmax9/.eclipse/org.jkiss.dbeaver.product_26.1.0_1078795723_linux_gtk_x86_64/configuration/org.eclipse.osgi/152/0/.cp/libswt-gtk-4972r7.so
7f403c089000-7f403c0b2000 r-xp 0003f000 00:1c 6770531                    /home/bryanmax9/.eclipse/org.jkiss.dbeaver.product_26.1.0_1078795723_linux_gtk_x86_64/configuration/org.eclipse.osgi/152/0/.cp/libswt-gtk-4972r7.so
7f403c0b2000-7f403c0d7000 r--p 00068000 00:1c 6770531                    /home/bryanmax9/.eclipse/org.jkiss.dbeaver.product_26.1.0_1078795723_linux_gtk_x86_64/configuration/org.eclipse.osgi/152/0/.cp/libswt-gtk-4972r7.so
7f403c0d7000-7f403c0d8000 r--p 0008c000 00:1c 6770531                    /home/bryanmax9/.eclipse/org.jkiss.dbeaver.product_26.1.0_1078795723_linux_gtk_x86_64/configuration/org.eclipse.osgi/152/0/.cp/libswt-gtk-4972r7.so
7f403c0d8000-7f403c0e0000 rw-p 0008d000 00:1c 6770531                    /home/bryanmax9/.eclipse/org.jkiss.dbeaver.product_26.1.0_1078795723_linux_gtk_x86_64/configuration/org.eclipse.osgi/152/0/.cp/libswt-gtk-4972r7.so
7f403c0e0000-7f403c0e4000 rw-p 00000000 00:00 0 
7f403c0e4000-7f403c0e8000 r--p 00000000 00:1c 1291827                    /usr/lib/libnss_systemd.so.2
7f403c0e8000-7f403c139000 r-xp 00004000 00:1c 1291827                    /usr/lib/libnss_systemd.so.2
7f403c139000-7f403c152000 r--p 00055000 00:1c 1291827                    /usr/lib/libnss_systemd.so.2
7f403c152000-7f403c158000 r--p 0006e000 00:1c 1291827                    /usr/lib/libnss_systemd.so.2
7f403c158000-7f403c159000 rw-p 00074000 00:1c 1291827                    /usr/lib/libnss_systemd.so.2
7f403c159000-7f403c2e8000 rw-s 00000000 00:01 67098                      /memfd:wayland-cursor (deleted)
7f403c2e8000-7f403c400000 r--s 00000000 00:1c 1525451                    /var/cache/fontconfig/923e285e415b1073c8df160bee08820f-le64.cache-11
7f403c400000-7f403c448000 r--p 00000000 00:1c 513413                     /usr/lib/libicuuc.so.78.3
7f403c448000-7f403c565000 r-xp 00048000 00:1c 513413                     /usr/lib/libicuuc.so.78.3
7f403c565000-7f403c5f8000 r--p 00165000 00:1c 513413                     /usr/lib/libicuuc.so.78.3
7f403c5f8000-7f403c60b000 r--p 001f8000 00:1c 513413                     /usr/lib/libicuuc.so.78.3
7f403c60b000-7f403c60c000 rw-p 0020b000 00:1c 513413                     /usr/lib/libicuuc.so.78.3
7f403c60c000-7f403c60e000 rw-p 00000000 00:00 0 
7f403c60f000-7f403c612000 r--p 00000000 00:1c 1291824                    /usr/lib/libnss_myhostname.so.2
7f403c612000-7f403c62c000 r-xp 00003000 00:1c 1291824                    /usr/lib/libnss_myhostname.so.2
7f403c62c000-7f403c63c000 r--p 0001d000 00:1c 1291824                    /usr/lib/libnss_myhostname.so.2
7f403c63c000-7f403c641000 r--p 0002d000 00:1c 1291824                    /usr/lib/libnss_myhostname.so.2
7f403c641000-7f403c642000 rw-p 00032000 00:1c 1291824                    /usr/lib/libnss_myhostname.so.2
7f403c642000-7f403c656000 r--s 00000000 00:1c 1301275                    /var/cache/fontconfig/614d1caaa4d7914789410f6367de37ca-le64.cache-11
7f403c656000-7f403c662000 r--s 00000000 00:1c 1301267                    /var/cache/fontconfig/4b31aef11cb0687b6d280d34cbe23592-le64.cache-11
7f403c68f000-7f403c690000 r--p 00000000 00:1c 1096894                    /usr/lib/jvm/java-21-openjdk/lib/libextnet.so
7f403c690000-7f403c691000 r-xp 00001000 00:1c 1096894                    /usr/lib/jvm/java-21-openjdk/lib/libextnet.so
7f403c691000-7f403c692000 r--p 00002000 00:1c 1096894                    /usr/lib/jvm/java-21-openjdk/lib/libextnet.so
7f403c692000-7f403c693000 r--p 00002000 00:1c 1096894                    /usr/lib/jvm/java-21-openjdk/lib/libextnet.so
7f403c693000-7f403c694000 rw-p 00003000 00:1c 1096894                    /usr/lib/jvm/java-21-openjdk/lib/libextnet.so
7f403c694000-7f403c696000 r--p 00000000 00:1c 582078                     /usr/lib/gtk-3.0/3.0.0/immodules/im-wayland.so
7f403c696000-7f403c698000 r-xp 00002000 00:1c 582078                     /usr/lib/gtk-3.0/3.0.0/immodules/im-wayland.so
7f403c698000-7f403c699000 r--p 00004000 00:1c 582078                     /usr/lib/gtk-3.0/3.0.0/immodules/im-wayland.so
7f403c699000-7f403c69a000 r--p 00004000 00:1c 582078                     /usr/lib/gtk-3.0/3.0.0/immodules/im-wayland.so
7f403c69a000-7f403c69b000 rw-p 00005000 00:1c 582078                     /usr/lib/gtk-3.0/3.0.0/immodules/im-wayland.so
7f403c69b000-7f403c6a1000 r--p 00000000 00:1c 6770546                    /home/bryanmax9/.eclipse/org.jkiss.dbeaver.product_26.1.0_1078795723_linux_gtk_x86_64/configuration/org.eclipse.osgi/152/0/.cp/libswt-cairo-gtk-4972r7.so
7f403c6a1000-7f403c6a4000 r-xp 00006000 00:1c 6770546                    /home/bryanmax9/.eclipse/org.jkiss.dbeaver.product_26.1.0_1078795723_linux_gtk_x86_64/configuration/org.eclipse.osgi/152/0/.cp/libswt-cairo-gtk-4972r7.so
7f403c6a4000-7f403c6a6000 r--p 00009000 00:1c 6770546                    /home/bryanmax9/.eclipse/org.jkiss.dbeaver.product_26.1.0_1078795723_linux_gtk_x86_64/configuration/org.eclipse.osgi/152/0/.cp/libswt-cairo-gtk-4972r7.so
7f403c6a6000-7f403c6a7000 r--p 0000a000 00:1c 6770546                    /home/bryanmax9/.eclipse/org.jkiss.dbeaver.product_26.1.0_1078795723_linux_gtk_x86_64/configuration/org.eclipse.osgi/152/0/.cp/libswt-cairo-gtk-4972r7.so
7f403c6a7000-7f403c6a8000 rw-p 0000b000 00:1c 6770546                    /home/bryanmax9/.eclipse/org.jkiss.dbeaver.product_26.1.0_1078795723_linux_gtk_x86_64/configuration/org.eclipse.osgi/152/0/.cp/libswt-cairo-gtk-4972r7.so
7f403c6de000-7f403c6e0000 r--p 00000000 00:1c 1096914                    /usr/lib/jvm/java-21-openjdk/lib/libmanagement_ext.so
7f403c6e0000-7f403c6e3000 r-xp 00002000 00:1c 1096914                    /usr/lib/jvm/java-21-openjdk/lib/libmanagement_ext.so
7f403c6e3000-7f403c6e4000 r--p 00005000 00:1c 1096914                    /usr/lib/jvm/java-21-openjdk/lib/libmanagement_ext.so
7f403c6e4000-7f403c6e5000 r--p 00006000 00:1c 1096914                    /usr/lib/jvm/java-21-openjdk/lib/libmanagement_ext.so
7f403c6e5000-7f403c6e6000 rw-p 00007000 00:1c 1096914                    /usr/lib/jvm/java-21-openjdk/lib/libmanagement_ext.so
7f403c6e6000-7f403c6e8000 r--p 00000000 00:1c 1096912                    /usr/lib/jvm/java-21-openjdk/lib/libmanagement.so
7f403c6e8000-7f403c6e9000 r-xp 00002000 00:1c 1096912                    /usr/lib/jvm/java-21-openjdk/lib/libmanagement.so
7f403c6e9000-7f403c6ea000 r--p 00003000 00:1c 1096912                    /usr/lib/jvm/java-21-openjdk/lib/libmanagement.so
7f403c6ea000-7f403c6eb000 r--p 00003000 00:1c 1096912                    /usr/lib/jvm/java-21-openjdk/lib/libmanagement.so
7f403c6eb000-7f403c6ec000 rw-p 00004000 00:1c 1096912                    /usr/lib/jvm/java-21-openjdk/lib/libmanagement.so
7f403c6ec000-7f403c6ed000 r--p 00000000 00:1c 1096900                    /usr/lib/jvm/java-21-openjdk/lib/libjaas.so
7f403c6ed000-7f403c6ee000 r-xp 00001000 00:1c 1096900                    /usr/lib/jvm/java-21-openjdk/lib/libjaas.so
7f403c6ee000-7f403c6ef000 r--p 00002000 00:1c 1096900                    /usr/lib/jvm/java-21-openjdk/lib/libjaas.so
7f403c6ef000-7f403c6f0000 r--p 00002000 00:1c 1096900                    /usr/lib/jvm/java-21-openjdk/lib/libjaas.so
7f403c6f0000-7f403c6f1000 rw-p 00003000 00:1c 1096900                    /usr/lib/jvm/java-21-openjdk/lib/libjaas.so
7f403c6f1000-7f403c6f3000 r--p 00000000 00:1c 1096924                    /usr/lib/jvm/java-21-openjdk/lib/libverify.so
7f403c6f3000-7f403c6fa000 r-xp 00002000 00:1c 1096924                    /usr/lib/jvm/java-21-openjdk/lib/libverify.so
7f403c6fa000-7f403c6fc000 r--p 00009000 00:1c 1096924                    /usr/lib/jvm/java-21-openjdk/lib/libverify.so
7f403c6fc000-7f403c6fe000 r--p 0000a000 00:1c 1096924                    /usr/lib/jvm/java-21-openjdk/lib/libverify.so
7f403c6fe000-7f403c6ff000 rw-p 0000c000 00:1c 1096924                    /usr/lib/jvm/java-21-openjdk/lib/libverify.so
7f403c6ff000-7f403c729000 r--s 00000000 00:1c 2236492                    /usr/share/mime/mime.cache
7f403c729000-7f403c733000 r--p 00000000 00:1c 1290031                    /usr/lib/libsqlite3.so.3.53.2
7f403c733000-7f403c882000 r-xp 0000a000 00:1c 1290031                    /usr/lib/libsqlite3.so.3.53.2
7f403c882000-7f403c8b9000 r--p 00159000 00:1c 1290031                    /usr/lib/libsqlite3.so.3.53.2
7f403c8b9000-7f403c8bd000 r--p 00190000 00:1c 1290031                    /usr/lib/libsqlite3.so.3.53.2
7f403c8bd000-7f403c8c2000 rw-p 00194000 00:1c 1290031                    /usr/lib/libsqlite3.so.3.53.2
7f403c8c2000-7f403c8dc000 r--p 00000000 00:1c 832094                     /usr/lib/libxml2.so.16.1.3
7f403c8dc000-7f403c9b0000 r-xp 0001a000 00:1c 832094                     /usr/lib/libxml2.so.16.1.3
7f403c9b0000-7f403c9ed000 r--p 000ee000 00:1c 832094                     /usr/lib/libxml2.so.16.1.3
7f403c9ed000-7f403c9f6000 r--p 0012b000 00:1c 832094                     /usr/lib/libxml2.so.16.1.3
7f403c9f6000-7f403c9f7000 rw-p 00134000 00:1c 832094                     /usr/lib/libxml2.so.16.1.3
7f403c9f7000-7f403c9f8000 rw-p 00000000 00:00 0 
7f403c9f8000-7f403ca01000 r--p 00000000 00:1c 120324                     /usr/lib/libjson-glib-1.0.so.0.1000.8
7f403ca01000-7f403ca17000 r-xp 00009000 00:1c 120324                     /usr/lib/libjson-glib-1.0.so.0.1000.8
7f403ca17000-7f403ca20000 r--p 0001f000 00:1c 120324                     /usr/lib/libjson-glib-1.0.so.0.1000.8
7f403ca20000-7f403ca21000 r--p 00028000 00:1c 120324                     /usr/lib/libjson-glib-1.0.so.0.1000.8
7f403ca21000-7f403ca22000 rw-p 00029000 00:1c 120324                     /usr/lib/libjson-glib-1.0.so.0.1000.8
7f403ca22000-7f403ca30000 r--p 00000000 00:1c 26273                      /usr/lib/libdbus-1.so.3.38.3
7f403ca30000-7f403ca61000 r-xp 0000e000 00:1c 26273                      /usr/lib/libdbus-1.so.3.38.3
7f403ca61000-7f403ca72000 r--p 0003f000 00:1c 26273                      /usr/lib/libdbus-1.so.3.38.3
7f403ca72000-7f403ca74000 r--p 0004f000 00:1c 26273                      /usr/lib/libdbus-1.so.3.38.3
7f403ca74000-7f403ca75000 rw-p 00051000 00:1c 26273                      /usr/lib/libdbus-1.so.3.38.3
7f403ca75000-7f403ca83000 r--p 00000000 00:1c 1372392                    /usr/lib/libatspi.so.0.0.1
7f403ca83000-7f403ca9e000 r-xp 0000e000 00:1c 1372392                    /usr/lib/libatspi.so.0.0.1
7f403ca9e000-7f403caac000 r--p 00029000 00:1c 1372392                    /usr/lib/libatspi.so.0.0.1
7f403caac000-7f403cab0000 r--p 00037000 00:1c 1372392                    /usr/lib/libatspi.so.0.0.1
7f403cab0000-7f403cab1000 rw-p 0003b000 00:1c 1372392                    /usr/lib/libatspi.so.0.0.1
7f403cab1000-7f403cac1000 r--p 00000000 00:1c 893345                     /usr/lib/libtinysparql-3.0.so.0.1101.0
7f403cac1000-7f403cb40000 r-xp 00010000 00:1c 893345                     /usr/lib/libtinysparql-3.0.so.0.1101.0
7f403cb40000-7f403cb75000 r--p 0008f000 00:1c 893345                     /usr/lib/libtinysparql-3.0.so.0.1101.0
7f403cb75000-7f403cb84000 r--p 000c3000 00:1c 893345                     /usr/lib/libtinysparql-3.0.so.0.1101.0
7f403cb84000-7f403cb85000 rw-p 000d2000 00:1c 893345                     /usr/lib/libtinysparql-3.0.so.0.1101.0
7f403cb85000-7f403cb8c000 r--p 00000000 00:1c 153940                     /usr/lib/libcloudproviders.so.0.4.0
7f403cb8c000-7f403cb96000 r-xp 00007000 00:1c 153940                     /usr/lib/libcloudproviders.so.0.4.0
7f403cb96000-7f403cb9b000 r--p 00011000 00:1c 153940                     /usr/lib/libcloudproviders.so.0.4.0
7f403cb9b000-7f403cb9c000 r--p 00016000 00:1c 153940                     /usr/lib/libcloudproviders.so.0.4.0
7f403cb9c000-7f403cb9d000 rw-p 00017000 00:1c 153940                     /usr/lib/libcloudproviders.so.0.4.0
7f403cb9d000-7f403cba8000 r--p 00000000 00:1c 1372389                    /usr/lib/libatk-bridge-2.0.so.0.0.0
7f403cba8000-7f403cbc1000 r-xp 0000b000 00:1c 1372389                    /usr/lib/libatk-bridge-2.0.so.0.0.0
7f403cbc1000-7f403cbd5000 r--p 00024000 00:1c 1372389                    /usr/lib/libatk-bridge-2.0.so.0.0.0
7f403cbd5000-7f403cbd7000 r--p 00037000 00:1c 1372389                    /usr/lib/libatk-bridge-2.0.so.0.0.0
7f403cbd7000-7f403cbd9000 rw-p 00039000 00:1c 1372389                    /usr/lib/libatk-bridge-2.0.so.0.0.0
7f403cbd9000-7f403cbe1000 r--p 00000000 00:1c 1372386                    /usr/lib/libatk-1.0.so.0.26013.1
7f403cbe1000-7f403cbf1000 r-xp 00008000 00:1c 1372386                    /usr/lib/libatk-1.0.so.0.26013.1
7f403cbf1000-7f403cbfc000 r--p 00018000 00:1c 1372386                    /usr/lib/libatk-1.0.so.0.26013.1
7f403cbfc000-7f403cbff000 r--p 00023000 00:1c 1372386                    /usr/lib/libatk-1.0.so.0.26013.1
7f403cbff000-7f403cc00000 rw-p 00026000 00:1c 1372386                    /usr/lib/libatk-1.0.so.0.26013.1
7f403cc00000-7f403cc70000 r--p 00000000 00:1c 582091                     /usr/lib/libgtk-3.so.0.2420.32
7f403cc70000-7f403d027000 r-xp 00070000 00:1c 582091                     /usr/lib/libgtk-3.so.0.2420.32
7f403d027000-7f403d2e5000 r--p 00427000 00:1c 582091                     /usr/lib/libgtk-3.so.0.2420.32
7f403d2e5000-7f403d2f7000 r--p 006e5000 00:1c 582091                     /usr/lib/libgtk-3.so.0.2420.32
7f403d2f7000-7f403d2f9000 rw-p 006f7000 00:1c 582091                     /usr/lib/libgtk-3.so.0.2420.32
7f403d2f9000-7f403d2fe000 rw-p 00000000 00:00 0 
7f403d302000-7f403d303000 r--p 00000000 00:1c 1439820                    /usr/lib/gtk-3.0/modules/libwindow-decorations-gtk-module.so
7f403d303000-7f403d304000 r-xp 00001000 00:1c 1439820                    /usr/lib/gtk-3.0/modules/libwindow-decorations-gtk-module.so
7f403d304000-7f403d305000 r--p 00002000 00:1c 1439820                    /usr/lib/gtk-3.0/modules/libwindow-decorations-gtk-module.so
7f403d305000-7f403d306000 r--p 00002000 00:1c 1439820                    /usr/lib/gtk-3.0/modules/libwindow-decorations-gtk-module.so
7f403d306000-7f403d307000 rw-p 00003000 00:1c 1439820                    /usr/lib/gtk-3.0/modules/libwindow-decorations-gtk-module.so
7f403d307000-7f403d308000 r--p 00000000 00:1c 19571                      /usr/lib/libbrotlicommon.so.1.2.0
7f403d308000-7f403d309000 r-xp 00001000 00:1c 19571                      /usr/lib/libbrotlicommon.so.1.2.0
7f403d309000-7f403d328000 r--p 00002000 00:1c 19571                      /usr/lib/libbrotlicommon.so.1.2.0
7f403d328000-7f403d329000 r--p 00021000 00:1c 19571                      /usr/lib/libbrotlicommon.so.1.2.0
7f403d329000-7f403d32a000 rw-p 00022000 00:1c 19571                      /usr/lib/libbrotlicommon.so.1.2.0
7f403d32a000-7f403d33f000 r--p 00000000 00:1c 1291830                    /usr/lib/libsystemd.so.0.43.0
7f403d33f000-7f403d40f000 r-xp 00015000 00:1c 1291830                    /usr/lib/libsystemd.so.0.43.0
7f403d40f000-7f403d45a000 r--p 000e5000 00:1c 1291830                    /usr/lib/libsystemd.so.0.43.0
7f403d45a000-7f403d463000 r--p 0012f000 00:1c 1291830                    /usr/lib/libsystemd.so.0.43.0
7f403d463000-7f403d464000 rw-p 00138000 00:1c 1291830                    /usr/lib/libsystemd.so.0.43.0
7f403d464000-7f403d465000 rw-p 00000000 00:00 0 
7f403d465000-7f403d46a000 r--p 00000000 00:1c 1290047                    /usr/lib/libblkid.so.1.1.0
7f403d46a000-7f403d493000 r-xp 00005000 00:1c 1290047                    /usr/lib/libblkid.so.1.1.0
7f403d493000-7f403d49e000 r--p 0002e000 00:1c 1290047                    /usr/lib/libblkid.so.1.1.0
7f403d49e000-7f403d4a4000 r--p 00038000 00:1c 1290047                    /usr/lib/libblkid.so.1.1.0
7f403d4a4000-7f403d4a5000 rw-p 0003e000 00:1c 1290047                    /usr/lib/libblkid.so.1.1.0
7f403d4a5000-7f403d4a7000 r--p 00000000 00:1c 1302576                    /usr/lib/libgraphite2.so.3.3.1
7f403d4a7000-7f403d4c0000 r-xp 00002000 00:1c 1302576                    /usr/lib/libgraphite2.so.3.3.1
7f403d4c0000-7f403d4c5000 r--p 0001b000 00:1c 1302576                    /usr/lib/libgraphite2.so.3.3.1
7f403d4c5000-7f403d4c7000 r--p 0001f000 00:1c 1302576                    /usr/lib/libgraphite2.so.3.3.1
7f403d4c7000-7f403d4c8000 rw-p 00021000 00:1c 1302576                    /usr/lib/libgraphite2.so.3.3.1
7f403d4c8000-7f403d4ca000 r--p 00000000 00:1c 126989                     /usr/lib/libdatrie.so.1.4.1
7f403d4ca000-7f403d4ce000 r-xp 00002000 00:1c 126989                     /usr/lib/libdatrie.so.1.4.1
7f403d4ce000-7f403d4cf000 r--p 00006000 00:1c 126989                     /usr/lib/libdatrie.so.1.4.1
7f403d4cf000-7f403d4d0000 r--p 00006000 00:1c 126989                     /usr/lib/libdatrie.so.1.4.1
7f403d4d0000-7f403d4d1000 rw-p 00007000 00:1c 126989                     /usr/lib/libdatrie.so.1.4.1
7f403d4d1000-7f403d4d2000 r--p 00000000 00:1c 19574                      /usr/lib/libbrotlidec.so.1.2.0
7f403d4d2000-7f403d4db000 r-xp 00001000 00:1c 19574                      /usr/lib/libbrotlidec.so.1.2.0
7f403d4db000-7f403d4de000 r--p 0000a000 00:1c 19574                      /usr/lib/libbrotlidec.so.1.2.0
7f403d4de000-7f403d4df000 r--p 0000c000 00:1c 19574                      /usr/lib/libbrotlidec.so.1.2.0
7f403d4df000-7f403d4e0000 rw-p 0000d000 00:1c 19574                      /usr/lib/libbrotlidec.so.1.2.0
7f403d4e0000-7f403d4e2000 r--p 00000000 00:1c 18427                      /usr/lib/libbz2.so.1.0.8
7f403d4e2000-7f403d4ef000 r-xp 00002000 00:1c 18427                      /usr/lib/libbz2.so.1.0.8
7f403d4ef000-7f403d4f1000 r--p 0000f000 00:1c 18427                      /usr/lib/libbz2.so.1.0.8
7f403d4f1000-7f403d4f2000 r--p 00010000 00:1c 18427                      /usr/lib/libbz2.so.1.0.8
7f403d4f2000-7f403d4f3000 rw-p 00011000 00:1c 18427                      /usr/lib/libbz2.so.1.0.8
7f403d4f3000-7f403d4f5000 r--p 00000000 00:1c 18444                      /usr/lib/libseccomp.so.2.6.0
7f403d4f5000-7f403d505000 r-xp 00002000 00:1c 18444                      /usr/lib/libseccomp.so.2.6.0
7f403d505000-7f403d51e000 r--p 00012000 00:1c 18444                      /usr/lib/libseccomp.so.2.6.0
7f403d51e000-7f403d51f000 r--p 0002b000 00:1c 18444                      /usr/lib/libseccomp.so.2.6.0
7f403d51f000-7f403d520000 rw-p 0002c000 00:1c 18444                      /usr/lib/libseccomp.so.2.6.0
7f403d520000-7f403d529000 r--p 00000000 00:1c 1302747                    /usr/lib/liblcms2.so.2.0.19
7f403d529000-7f403d570000 r-xp 00009000 00:1c 1302747                    /usr/lib/liblcms2.so.2.0.19
7f403d570000-7f403d585000 r--p 00050000 00:1c 1302747                    /usr/lib/liblcms2.so.2.0.19
7f403d585000-7f403d588000 r--p 00064000 00:1c 1302747                    /usr/lib/liblcms2.so.2.0.19
7f403d588000-7f403d58b000 rw-p 00067000 00:1c 1302747                    /usr/lib/liblcms2.so.2.0.19
7f403d58b000-7f403d58c000 rw-p 00000000 00:00 0 
7f403d58c000-7f403d594000 r--p 00000000 00:1c 568907                     /usr/lib/libpangoft2-1.0.so.0.5701.0
7f403d594000-7f403d5a3000 r-xp 00008000 00:1c 568907                     /usr/lib/libpangoft2-1.0.so.0.5701.0
7f403d5a3000-7f403d5a8000 r--p 00017000 00:1c 568907                     /usr/lib/libpangoft2-1.0.so.0.5701.0
7f403d5a8000-7f403d5a9000 r--p 0001c000 00:1c 568907                     /usr/lib/libpangoft2-1.0.so.0.5701.0
7f403d5a9000-7f403d5aa000 rw-p 0001d000 00:1c 568907                     /usr/lib/libpangoft2-1.0.so.0.5701.0
7f403d5aa000-7f403d5b4000 r--p 00000000 00:1c 1290056                    /usr/lib/libmount.so.1.1.0
7f403d5b4000-7f403d5f2000 r-xp 0000a000 00:1c 1290056                    /usr/lib/libmount.so.1.1.0
7f403d5f2000-7f403d603000 r--p 00048000 00:1c 1290056                    /usr/lib/libmount.so.1.1.0
7f403d603000-7f403d605000 r--p 00059000 00:1c 1290056                    /usr/lib/libmount.so.1.1.0
7f403d605000-7f403d606000 rw-p 0005b000 00:1c 1290056                    /usr/lib/libmount.so.1.1.0
7f403d606000-7f403d608000 r--p 00000000 00:1c 1293573                    /usr/lib/libexpat.so.1.12.1
7f403d608000-7f403d628000 r-xp 00002000 00:1c 1293573                    /usr/lib/libexpat.so.1.12.1
7f403d628000-7f403d630000 r--p 00022000 00:1c 1293573                    /usr/lib/libexpat.so.1.12.1
7f403d630000-7f403d632000 r--p 0002a000 00:1c 1293573                    /usr/lib/libexpat.so.1.12.1
7f403d632000-7f403d633000 rw-p 0002c000 00:1c 1293573                    /usr/lib/libexpat.so.1.12.1
7f403d633000-7f403d640000 r--p 00000000 00:1c 1302647                    /usr/lib/libharfbuzz.so.0.61421.0
7f403d640000-7f403d736000 r-xp 0000d000 00:1c 1302647                    /usr/lib/libharfbuzz.so.0.61421.0
7f403d736000-7f403d76a000 r--p 00103000 00:1c 1302647                    /usr/lib/libharfbuzz.so.0.61421.0
7f403d76a000-7f403d76c000 r--p 00136000 00:1c 1302647                    /usr/lib/libharfbuzz.so.0.61421.0
7f403d76c000-7f403d76d000 rw-p 00138000 00:1c 1302647                    /usr/lib/libharfbuzz.so.0.61421.0
7f403d76d000-7f403d772000 r--p 00000000 00:1c 126443                     /usr/lib/libpixman-1.so.0.46.4
7f403d772000-7f403d803000 r-xp 00005000 00:1c 126443                     /usr/lib/libpixman-1.so.0.46.4
7f403d803000-7f403d813000 r--p 00096000 00:1c 126443                     /usr/lib/libpixman-1.so.0.46.4
7f403d813000-7f403d81b000 r--p 000a6000 00:1c 126443                     /usr/lib/libpixman-1.so.0.46.4
7f403d81b000-7f403d81c000 rw-p 000ae000 00:1c 126443                     /usr/lib/libpixman-1.so.0.46.4
7f403d81c000-7f403d828000 r--p 00000000 00:1c 52331                      /usr/lib/libxcb.so.1.1.0
7f403d828000-7f403d83c000 r-xp 0000c000 00:1c 52331                      /usr/lib/libxcb.so.1.1.0
7f403d83c000-7f403d845000 r--p 00020000 00:1c 52331                      /usr/lib/libxcb.so.1.1.0
7f403d845000-7f403d846000 r--p 00028000 00:1c 52331                      /usr/lib/libxcb.so.1.1.0
7f403d846000-7f403d847000 rw-p 00029000 00:1c 52331                      /usr/lib/libxcb.so.1.1.0
7f403d847000-7f403d84d000 r--p 00000000 00:1c 513678                     /usr/lib/libfreetype.so.6.20.6
7f403d84d000-7f403d8e5000 r-xp 00006000 00:1c 513678                     /usr/lib/libfreetype.so.6.20.6
7f403d8e5000-7f403d90e000 r--p 0009e000 00:1c 513678                     /usr/lib/libfreetype.so.6.20.6
7f403d90e000-7f403d916000 r--p 000c6000 00:1c 513678                     /usr/lib/libfreetype.so.6.20.6
7f403d916000-7f403d917000 rw-p 000ce000 00:1c 513678                     /usr/lib/libfreetype.so.6.20.6
7f403d917000-7f403d91d000 r--p 00000000 00:1c 823413                     /usr/lib/libpng16.so.16.58.0
7f403d91d000-7f403d947000 r-xp 00006000 00:1c 823413                     /usr/lib/libpng16.so.16.58.0
7f403d947000-7f403d950000 r--p 00030000 00:1c 823413                     /usr/lib/libpng16.so.16.58.0
7f403d950000-7f403d951000 r--p 00039000 00:1c 823413                     /usr/lib/libpng16.so.16.58.0
7f403d951000-7f403d952000 rw-p 0003a000 00:1c 823413                     /usr/lib/libpng16.so.16.58.0
7f403d952000-7f403d955000 r--p 00000000 00:1c 18701                      /usr/lib/libpcre2-8.so.0.15.0
7f403d955000-7f403d9d3000 r-xp 00003000 00:1c 18701                      /usr/lib/libpcre2-8.so.0.15.0
7f403d9d3000-7f403d9fe000 r--p 00081000 00:1c 18701                      /usr/lib/libpcre2-8.so.0.15.0
7f403d9fe000-7f403d9ff000 r--p 000ab000 00:1c 18701                      /usr/lib/libpcre2-8.so.0.15.0
7f403d9ff000-7f403da00000 rw-p 000ac000 00:1c 18701                      /usr/lib/libpcre2-8.so.0.15.0
7f403da00000-7f403dac2000 r--p 00000000 00:1c 734667                     /usr/lib/libglycin-2.so.0
7f403dac2000-7f403dddf000 r-xp 000c1000 00:1c 734667                     /usr/lib/libglycin-2.so.0
7f403dddf000-7f403ddf8000 r--p 003dd000 00:1c 734667                     /usr/lib/libglycin-2.so.0
7f403ddf8000-7f403ddfc000 rw-p 003f5000 00:1c 734667                     /usr/lib/libglycin-2.so.0
7f403ddff000-7f403de01000 r--p 00000000 00:1c 832115                     /usr/lib/libXdmcp.so.6.0.0
7f403de01000-7f403de03000 r-xp 00002000 00:1c 832115                     /usr/lib/libXdmcp.so.6.0.0
7f403de03000-7f403de05000 r--p 00004000 00:1c 832115                     /usr/lib/libXdmcp.so.6.0.0
7f403de05000-7f403de06000 r--p 00005000 00:1c 832115                     /usr/lib/libXdmcp.so.6.0.0
7f403de06000-7f403de07000 rw-p 00006000 00:1c 832115                     /usr/lib/libXdmcp.so.6.0.0
7f403de07000-7f403de09000 r--p 00000000 00:1c 127046                     /usr/lib/libthai.so.0.3.2
7f403de09000-7f403de0d000 r-xp 00002000 00:1c 127046                     /usr/lib/libthai.so.0.3.2
7f403de0d000-7f403de10000 r--p 00006000 00:1c 127046                     /usr/lib/libthai.so.0.3.2
7f403de10000-7f403de11000 r--p 00008000 00:1c 127046                     /usr/lib/libthai.so.0.3.2
7f403de11000-7f403de12000 rw-p 00009000 00:1c 127046                     /usr/lib/libthai.so.0.3.2
7f403de12000-7f403de44000 r--p 00000000 00:1c 1301635                    /usr/lib/libgio-2.0.so.0.8800.1
7f403de44000-7f403df73000 r-xp 00032000 00:1c 1301635                    /usr/lib/libgio-2.0.so.0.8800.1
7f403df73000-7f403dff4000 r--p 00161000 00:1c 1301635                    /usr/lib/libgio-2.0.so.0.8800.1
7f403dff4000-7f403dffd000 r--p 001e1000 00:1c 1301635                    /usr/lib/libgio-2.0.so.0.8800.1
7f403dffd000-7f403dffe000 rw-p 001ea000 00:1c 1301635                    /usr/lib/libgio-2.0.so.0.8800.1
7f403dffe000-7f4040021000 rw-p 00000000 00:00 0 
7f4040021000-7f4044000000 ---p 00000000 00:00 0 
7f4044000000-7f4044021000 rw-p 00000000 00:00 0 
7f4044021000-7f4048000000 ---p 00000000 00:00 0 
7f4048000000-7f4048021000 rw-p 00000000 00:00 0 
7f4048021000-7f404c000000 ---p 00000000 00:00 0 
7f404c000000-7f404c001000 r--p 00000000 00:1c 52206                      /usr/lib/libXau.so.6.0.0
7f404c001000-7f404c002000 r-xp 00001000 00:1c 52206                      /usr/lib/libXau.so.6.0.0
7f404c002000-7f404c003000 r--p 00002000 00:1c 52206                      /usr/lib/libXau.so.6.0.0
7f404c003000-7f404c004000 r--p 00002000 00:1c 52206                      /usr/lib/libXau.so.6.0.0
7f404c004000-7f404c005000 rw-p 00003000 00:1c 52206                      /usr/lib/libXau.so.6.0.0
7f404c005000-7f404c006000 r--p 00000000 00:1c 52301                      /usr/lib/libxcb-shm.so.0.0.0
7f404c006000-7f404c007000 r-xp 00001000 00:1c 52301                      /usr/lib/libxcb-shm.so.0.0.0
7f404c007000-7f404c008000 r--p 00002000 00:1c 52301                      /usr/lib/libxcb-shm.so.0.0.0
7f404c008000-7f404c009000 r--p 00002000 00:1c 52301                      /usr/lib/libxcb-shm.so.0.0.0
7f404c009000-7f404c00a000 rw-p 00003000 00:1c 52301                      /usr/lib/libxcb-shm.so.0.0.0
7f404c00a000-7f404c010000 r--p 00000000 00:1c 52289                      /usr/lib/libxcb-render.so.0.0.0
7f404c010000-7f404c015000 r-xp 00006000 00:1c 52289                      /usr/lib/libxcb-render.so.0.0.0
7f404c015000-7f404c017000 r--p 0000b000 00:1c 52289                      /usr/lib/libxcb-render.so.0.0.0
7f404c017000-7f404c018000 r--p 0000d000 00:1c 52289                      /usr/lib/libxcb-render.so.0.0.0
7f404c018000-7f404c019000 rw-p 0000e000 00:1c 52289                      /usr/lib/libxcb-render.so.0.0.0
7f404c019000-7f404c01b000 r--p 00000000 00:1c 126428                     /usr/lib/libXrender.so.1.3.0
7f404c01b000-7f404c022000 r-xp 00002000 00:1c 126428                     /usr/lib/libXrender.so.1.3.0
7f404c022000-7f404c023000 r--p 00009000 00:1c 126428                     /usr/lib/libXrender.so.1.3.0
7f404c023000-7f404c024000 r--p 00009000 00:1c 126428                     /usr/lib/libXrender.so.1.3.0
7f404c024000-7f404c025000 rw-p 0000a000 00:1c 126428                     /usr/lib/libXrender.so.1.3.0
7f404c025000-7f404c027000 r--p 00000000 00:1c 19369                      /usr/lib/libffi.so.8.2.0
7f404c027000-7f404c02e000 r-xp 00002000 00:1c 19369                      /usr/lib/libffi.so.8.2.0
7f404c02e000-7f404c02f000 r--p 00009000 00:1c 19369                      /usr/lib/libffi.so.8.2.0
7f404c02f000-7f404c030000 r--p 0000a000 00:1c 19369                      /usr/lib/libffi.so.8.2.0
7f404c030000-7f404c031000 rw-p 0000b000 00:1c 19369                      /usr/lib/libffi.so.8.2.0
7f404c031000-7f404c033000 r--p 00000000 00:1c 1301647                    /usr/lib/libgmodule-2.0.so.0.8800.1
7f404c033000-7f404c035000 r-xp 00002000 00:1c 1301647                    /usr/lib/libgmodule-2.0.so.0.8800.1
7f404c035000-7f404c036000 r--p 00004000 00:1c 1301647                    /usr/lib/libgmodule-2.0.so.0.8800.1
7f404c036000-7f404c037000 r--p 00004000 00:1c 1301647                    /usr/lib/libgmodule-2.0.so.0.8800.1
7f404c037000-7f404c038000 rw-p 00005000 00:1c 1301647                    /usr/lib/libgmodule-2.0.so.0.8800.1
7f404c038000-7f404c039000 r--p 00000000 00:1c 154012                     /usr/lib/libXinerama.so.1.0.0
7f404c039000-7f404c03a000 r-xp 00001000 00:1c 154012                     /usr/lib/libXinerama.so.1.0.0
7f404c03a000-7f404c03b000 r--p 00002000 00:1c 154012                     /usr/lib/libXinerama.so.1.0.0
7f404c03b000-7f404c03c000 r--p 00002000 00:1c 154012                     /usr/lib/libXinerama.so.1.0.0
7f404c03c000-7f404c03d000 rw-p 00003000 00:1c 154012                     /usr/lib/libXinerama.so.1.0.0
7f404c03d000-7f404c03f000 r--p 00000000 00:1c 140615                     /usr/lib/libXrandr.so.2.2.0
7f404c03f000-7f404c046000 r-xp 00002000 00:1c 140615                     /usr/lib/libXrandr.so.2.2.0
7f404c046000-7f404c048000 r--p 00009000 00:1c 140615                     /usr/lib/libXrandr.so.2.2.0
7f404c048000-7f404c049000 r--p 0000a000 00:1c 140615                     /usr/lib/libXrandr.so.2.2.0
7f404c049000-7f404c04a000 rw-p 0000b000 00:1c 140615                     /usr/lib/libXrandr.so.2.2.0
7f404c04a000-7f404c04c000 r--p 00000000 00:1c 58494                      /usr/lib/libXfixes.so.3.1.0
7f404c04c000-7f404c04f000 r-xp 00002000 00:1c 58494                      /usr/lib/libXfixes.so.3.1.0
7f404c04f000-7f404c050000 r--p 00005000 00:1c 58494                      /usr/lib/libXfixes.so.3.1.0
7f404c050000-7f404c051000 r--p 00005000 00:1c 58494                      /usr/lib/libXfixes.so.3.1.0
7f404c051000-7f404c052000 rw-p 00006000 00:1c 58494                      /usr/lib/libXfixes.so.3.1.0
7f404c052000-7f404c055000 r--p 00000000 00:1c 134128                     /usr/lib/libXcursor.so.1.0.2
7f404c055000-7f404c05b000 r-xp 00003000 00:1c 134128                     /usr/lib/libXcursor.so.1.0.2
7f404c05b000-7f404c05d000 r--p 00009000 00:1c 134128                     /usr/lib/libXcursor.so.1.0.2
7f404c05d000-7f404c05e000 r--p 0000a000 00:1c 134128                     /usr/lib/libXcursor.so.1.0.2
7f404c05e000-7f404c05f000 rw-p 0000b000 00:1c 134128                     /usr/lib/libXcursor.so.1.0.2
7f404c05f000-7f404c062000 r--p 00000000 00:1c 1372225                    /usr/lib/libXi.so.6.1.0
7f404c062000-7f404c06f000 r-xp 00003000 00:1c 1372225                    /usr/lib/libXi.so.6.1.0
7f404c06f000-7f404c072000 r--p 00010000 00:1c 1372225                    /usr/lib/libXi.so.6.1.0
7f404c072000-7f404c073000 r--p 00012000 00:1c 1372225                    /usr/lib/libXi.so.6.1.0
7f404c073000-7f404c074000 rw-p 00013000 00:1c 1372225                    /usr/lib/libXi.so.6.1.0
7f404c074000-7f404c08b000 r--p 00000000 00:1c 56633                      /usr/lib/libX11.so.6.4.0
7f404c08b000-7f404c120000 r-xp 00017000 00:1c 56633                      /usr/lib/libX11.so.6.4.0
7f404c120000-7f404c1af000 r--p 000ac000 00:1c 56633                      /usr/lib/libX11.so.6.4.0
7f404c1af000-7f404c1b2000 r--p 0013a000 00:1c 56633                      /usr/lib/libX11.so.6.4.0
7f404c1b2000-7f404c1b6000 rw-p 0013d000 00:1c 56633                      /usr/lib/libX11.so.6.4.0
7f404c1b6000-7f404c200000 r--p 00000000 00:1c 154000                     /usr/lib/libepoxy.so.0.0.0
7f404c200000-7f404c266000 r-xp 0004a000 00:1c 154000                     /usr/lib/libepoxy.so.0.0.0
7f404c266000-7f404c2b4000 r--p 000b0000 00:1c 154000                     /usr/lib/libepoxy.so.0.0.0
7f404c2b4000-7f404c2bc000 r--p 000fd000 00:1c 154000                     /usr/lib/libepoxy.so.0.0.0
7f404c2bc000-7f404c2c3000 rw-p 00105000 00:1c 154000                     /usr/lib/libepoxy.so.0.0.0
7f404c2c3000-7f404c2d1000 r--p 00000000 00:1c 126479                     /usr/lib/libcairo.so.2.11804.4
7f404c2d1000-7f404c3c4000 r-xp 0000e000 00:1c 126479                     /usr/lib/libcairo.so.2.11804.4
7f404c3c4000-7f404c3f9000 r--p 00101000 00:1c 126479                     /usr/lib/libcairo.so.2.11804.4
7f404c3f9000-7f404c3fd000 r--p 00136000 00:1c 126479                     /usr/lib/libcairo.so.2.11804.4
7f404c3fd000-7f404c3ff000 rw-p 0013a000 00:1c 126479                     /usr/lib/libcairo.so.2.11804.4
7f404c3ff000-7f404c400000 rw-p 00000000 00:00 0 
7f404c400000-7f404d7b0000 rwxp 00000000 00:00 0 
7f404d7b0000-7f4053937000 ---p 00000000 00:00 0 
7f4053937000-7f4053ba7000 rwxp 00000000 00:00 0 
7f4053ba7000-7f4053ec9000 ---p 00000000 00:00 0 
7f4053ec9000-7f4054529000 rwxp 00000000 00:00 0 
7f4054529000-7f405b400000 ---p 00000000 00:00 0 
7f405b400000-7f4063ecf000 r--s 00000000 00:1c 1096926                    /usr/lib/jvm/java-21-openjdk/lib/modules
7f4063ecf000-7f4063ed0000 r--p 00000000 00:1c 142124                     /usr/lib/libXcomposite.so.1.0.0
7f4063ed0000-7f4063ed1000 r-xp 00001000 00:1c 142124                     /usr/lib/libXcomposite.so.1.0.0
7f4063ed1000-7f4063ed2000 r--p 00002000 00:1c 142124                     /usr/lib/libXcomposite.so.1.0.0
7f4063ed2000-7f4063ed3000 r--p 00002000 00:1c 142124                     /usr/lib/libXcomposite.so.1.0.0
7f4063ed3000-7f4063ed4000 rw-p 00003000 00:1c 142124                     /usr/lib/libXcomposite.so.1.0.0
7f4063ed4000-7f4063ed5000 r--p 00000000 00:1c 142163                     /usr/lib/libXdamage.so.1.1.0
7f4063ed5000-7f4063ed6000 r-xp 00001000 00:1c 142163                     /usr/lib/libXdamage.so.1.1.0
7f4063ed6000-7f4063ed7000 r--p 00002000 00:1c 142163                     /usr/lib/libXdamage.so.1.1.0
7f4063ed7000-7f4063ed8000 r--p 00002000 00:1c 142163                     /usr/lib/libXdamage.so.1.1.0
7f4063ed8000-7f4063ed9000 rw-p 00003000 00:1c 142163                     /usr/lib/libXdamage.so.1.1.0
7f4063ed9000-7f4063edd000 r--p 00000000 00:1c 1305207                    /usr/lib/libxkbcommon.so.0.13.2
7f4063edd000-7f4063f0c000 r-xp 00004000 00:1c 1305207                    /usr/lib/libxkbcommon.so.0.13.2
7f4063f0c000-7f4063f35000 r--p 00033000 00:1c 1305207                    /usr/lib/libxkbcommon.so.0.13.2
7f4063f35000-7f4063f37000 r--p 0005b000 00:1c 1305207                    /usr/lib/libxkbcommon.so.0.13.2
7f4063f37000-7f4063f38000 rw-p 0005d000 00:1c 1305207                    /usr/lib/libxkbcommon.so.0.13.2
7f4063f38000-7f4063f3e000 r--p 00000000 00:1c 1300927                    /usr/lib/libfontconfig.so.1.17.0
7f4063f3e000-7f4063f72000 r-xp 00006000 00:1c 1300927                    /usr/lib/libfontconfig.so.1.17.0
7f4063f72000-7f4063f8b000 r--p 0003a000 00:1c 1300927                    /usr/lib/libfontconfig.so.1.17.0
7f4063f8b000-7f4063f94000 r--p 00053000 00:1c 1300927                    /usr/lib/libfontconfig.so.1.17.0
7f4063f94000-7f4063f95000 rw-p 0005c000 00:1c 1300927                    /usr/lib/libfontconfig.so.1.17.0
7f4063f95000-7f4063fa3000 r--p 00000000 00:1c 568901                     /usr/lib/libpango-1.0.so.0.5701.0
7f4063fa3000-7f4063fe1000 r-xp 0000e000 00:1c 568901                     /usr/lib/libpango-1.0.so.0.5701.0
7f4063fe1000-7f4063ffb000 r--p 0004c000 00:1c 568901                     /usr/lib/libpango-1.0.so.0.5701.0
7f4063ffb000-7f4063fff000 r--p 00065000 00:1c 568901                     /usr/lib/libpango-1.0.so.0.5701.0
7f4063fff000-7f4064000000 rw-p 00069000 00:1c 568901                     /usr/lib/libpango-1.0.so.0.5701.0
7f4064000000-7f4066c05000 rw-p 00000000 00:00 0 
7f4066c05000-7f4068000000 ---p 00000000 00:00 0 
7f4068000000-7f4068004000 r--p 00000000 00:1c 57877                      /usr/lib/libXext.so.6.4.0
7f4068004000-7f406800f000 r-xp 00004000 00:1c 57877                      /usr/lib/libXext.so.6.4.0
7f406800f000-7f4068012000 r--p 0000f000 00:1c 57877                      /usr/lib/libXext.so.6.4.0
7f4068012000-7f4068013000 r--p 00011000 00:1c 57877                      /usr/lib/libXext.so.6.4.0
7f4068013000-7f4068014000 rw-p 00012000 00:1c 57877                      /usr/lib/libXext.so.6.4.0
7f4068014000-7f4068015000 r--p 00000000 00:1c 832255                     /usr/lib/libwayland-egl.so.1.25.0
7f4068015000-7f4068016000 r-xp 00001000 00:1c 832255                     /usr/lib/libwayland-egl.so.1.25.0
7f4068016000-7f4068017000 r--p 00002000 00:1c 832255                     /usr/lib/libwayland-egl.so.1.25.0
7f4068017000-7f4068018000 r--p 00002000 00:1c 832255                     /usr/lib/libwayland-egl.so.1.25.0
7f4068018000-7f4068019000 rw-p 00003000 00:1c 832255                     /usr/lib/libwayland-egl.so.1.25.0
7f4068019000-7f406801c000 r--p 00000000 00:1c 832249                     /usr/lib/libwayland-client.so.0.25.0
7f406801c000-7f4068023000 r-xp 00003000 00:1c 832249                     /usr/lib/libwayland-client.so.0.25.0
7f4068023000-7f4068026000 r--p 0000a000 00:1c 832249                     /usr/lib/libwayland-client.so.0.25.0
7f4068026000-7f4068028000 r--p 0000c000 00:1c 832249                     /usr/lib/libwayland-client.so.0.25.0
7f4068028000-7f4068029000 rw-p 0000e000 00:1c 832249                     /usr/lib/libwayland-client.so.0.25.0
7f4068029000-7f406802e000 r--p 00000000 00:1c 568904                     /usr/lib/libpangocairo-1.0.so.0.5701.0
7f406802e000-7f4068036000 r-xp 00005000 00:1c 568904                     /usr/lib/libpangocairo-1.0.so.0.5701.0
7f4068036000-7f4068038000 r--p 0000d000 00:1c 568904                     /usr/lib/libpangocairo-1.0.so.0.5701.0
7f4068038000-7f4068039000 r--p 0000f000 00:1c 568904                     /usr/lib/libpangocairo-1.0.so.0.5701.0
7f4068039000-7f406803a000 rw-p 00010000 00:1c 568904                     /usr/lib/libpangocairo-1.0.so.0.5701.0
7f406803a000-7f4068058000 r--p 00000000 00:1c 1301643                    /usr/lib/libglib-2.0.so.0.8800.1
7f4068058000-7f4068106000 r-xp 0001e000 00:1c 1301643                    /usr/lib/libglib-2.0.so.0.8800.1
7f4068106000-7f406819a000 r--p 000cc000 00:1c 1301643                    /usr/lib/libglib-2.0.so.0.8800.1
7f406819a000-7f406819b000 r--p 00160000 00:1c 1301643                    /usr/lib/libglib-2.0.so.0.8800.1
7f406819b000-7f406819c000 rw-p 00161000 00:1c 1301643                    /usr/lib/libglib-2.0.so.0.8800.1
7f406819c000-7f406819d000 rw-p 00000000 00:00 0 
7f406819d000-7f40681a9000 r--p 00000000 00:1c 1301651                    /usr/lib/libgobject-2.0.so.0.8800.1
7f40681a9000-7f40681e2000 r-xp 0000c000 00:1c 1301651                    /usr/lib/libgobject-2.0.so.0.8800.1
7f40681e2000-7f40681fc000 r--p 00045000 00:1c 1301651                    /usr/lib/libgobject-2.0.so.0.8800.1
7f40681fc000-7f40681ff000 r--p 0005e000 00:1c 1301651                    /usr/lib/libgobject-2.0.so.0.8800.1
7f40681ff000-7f4068200000 rw-p 00061000 00:1c 1301651                    /usr/lib/libgobject-2.0.so.0.8800.1
7f4068200000-7f4068207000 r--p 00000000 00:1c 734704                     /usr/lib/libgdk_pixbuf-2.0.so.0.4400.6
7f4068207000-7f4068228000 r-xp 00007000 00:1c 734704                     /usr/lib/libgdk_pixbuf-2.0.so.0.4400.6
7f4068228000-7f4068235000 r--p 00028000 00:1c 734704                     /usr/lib/libgdk_pixbuf-2.0.so.0.4400.6
7f4068235000-7f4068237000 r--p 00034000 00:1c 734704                     /usr/lib/libgdk_pixbuf-2.0.so.0.4400.6
7f4068237000-7f4068238000 rw-p 00036000 00:1c 734704                     /usr/lib/libgdk_pixbuf-2.0.so.0.4400.6
7f4068238000-7f4068255000 r--p 00000000 00:1c 582088                     /usr/lib/libgdk-3.so.0.2420.32
7f4068255000-7f40682d7000 r-xp 0001d000 00:1c 582088                     /usr/lib/libgdk-3.so.0.2420.32
7f40682d7000-7f4068319000 r--p 0009f000 00:1c 582088                     /usr/lib/libgdk-3.so.0.2420.32
7f4068319000-7f4068323000 r--p 000e0000 00:1c 582088                     /usr/lib/libgdk-3.so.0.2420.32
7f4068323000-7f4068325000 rw-p 000ea000 00:1c 582088                     /usr/lib/libgdk-3.so.0.2420.32
7f4068325000-7f4068326000 rw-p 00000000 00:00 0 
7f4068326000-7f406832a000 ---p 00000000 00:00 0 
7f406832a000-7f4068427000 rw-p 00000000 00:00 0 
7f4068427000-7f406842b000 ---p 00000000 00:00 0 
7f406842b000-7f4068528000 rw-p 00000000 00:00 0 
7f4068528000-7f406852c000 ---p 00000000 00:00 0 
7f406852c000-7f4068628000 rw-p 00000000 00:00 0 
7f4068628000-7f406862d000 r--p 00000000 00:1c 1096909                    /usr/lib/jvm/java-21-openjdk/lib/libjsvml.so
7f406862d000-7f406866e000 r-xp 00005000 00:1c 1096909                    /usr/lib/jvm/java-21-openjdk/lib/libjsvml.so
7f406866e000-7f40686f7000 r--p 00046000 00:1c 1096909                    /usr/lib/jvm/java-21-openjdk/lib/libjsvml.so
7f40686f7000-7f40686f8000 r--p 000ce000 00:1c 1096909                    /usr/lib/jvm/java-21-openjdk/lib/libjsvml.so
7f40686f8000-7f40686f9000 rw-p 000cf000 00:1c 1096909                    /usr/lib/jvm/java-21-openjdk/lib/libjsvml.so
7f40686f9000-7f40686fa000 rw-p 00000000 00:00 0 
7f40686fa000-7f40686fe000 ---p 00000000 00:00 0 
7f40686fe000-7f40687fb000 rw-p 00000000 00:00 0 
7f40687fb000-7f40687ff000 ---p 00000000 00:00 0 
7f40687ff000-7f40688fc000 rw-p 00000000 00:00 0 
7f40688fc000-7f4068900000 ---p 00000000 00:00 0 
7f4068900000-7f40689fd000 rw-p 00000000 00:00 0 
7f40689fd000-7f4068a01000 ---p 00000000 00:00 0 
7f4068a01000-7f4068afe000 rw-p 00000000 00:00 0 
7f4068afe000-7f4068b02000 ---p 00000000 00:00 0 
7f4068b02000-7f4068bff000 rw-p 00000000 00:00 0 
7f4068bff000-7f4068c03000 ---p 00000000 00:00 0 
7f4068c03000-7f4068d00000 rw-p 00000000 00:00 0 
7f4068d00000-7f4068d04000 ---p 00000000 00:00 0 
7f4068d04000-7f4068e00000 rw-p 00000000 00:00 0 
7f4068e00000-7f40690ed000 r--p 00000000 00:1c 1283079                    /usr/lib/locale/locale-archive
7f40690ef000-7f40690f1000 r--p 00000000 00:1c 2236497                    /usr/share/icons/hicolor/icon-theme.cache
7f40690f1000-7f40694f5000 rw-p 00000000 00:00 0 
7f40694f5000-7f4069cfd000 rw-p 00000000 00:00 0 
7f4069cfd000-7f406a000000 rw-p 00000000 00:00 0 
7f406a000000-7f406a1ec000 rw-p 00000000 00:00 0 
7f406a1ec000-7f406a214000 ---p 00000000 00:00 0 
7f406a214000-7f406a218000 rw-p 00000000 00:00 0 
7f406a218000-7f406afe8000 ---p 00000000 00:00 0 
7f406afe8000-7f406afec000 rw-p 00000000 00:00 0 
7f406afec000-7f406aff4000 ---p 00000000 00:00 0 
7f406aff4000-7f406b03e000 rw-p 00000000 00:00 0 
7f406b03e000-7f406b042000 ---p 00000000 00:00 0 
7f406b042000-7f406b043000 rw-p 00000000 00:00 0 
7f406b043000-7f406b1fd000 ---p 00000000 00:00 0 
7f406b1fd000-7f406b23e000 rw-p 00000000 00:00 0 
7f406b23e000-7f406b242000 ---p 00000000 00:00 0 
7f406b242000-7f406b243000 rw-p 00000000 00:00 0 
7f406b243000-7f406b3fd000 ---p 00000000 00:00 0 
7f406b3fd000-7f406b400000 rw-p 00000000 00:00 0 
7f406b400000-7f406b401000 r--p 00000000 00:1c 2238144                    /var/lib/flatpak/exports/share/icons/hicolor/icon-theme.cache
7f406b401000-7f406b402000 r--p 00000000 00:1c 832252                     /usr/lib/libwayland-cursor.so.0.25.0
7f406b402000-7f406b404000 r-xp 00001000 00:1c 832252                     /usr/lib/libwayland-cursor.so.0.25.0
7f406b404000-7f406b405000 r--p 00003000 00:1c 832252                     /usr/lib/libwayland-cursor.so.0.25.0
7f406b405000-7f406b406000 r--p 00003000 00:1c 832252                     /usr/lib/libwayland-cursor.so.0.25.0
7f406b406000-7f406b40a000 rw-p 00004000 00:1c 832252                     /usr/lib/libwayland-cursor.so.0.25.0
7f406b40a000-7f406b40c000 r--p 00000000 00:1c 126473                     /usr/lib/libcairo-gobject.so.2.11804.4
7f406b40c000-7f406b40e000 r-xp 00002000 00:1c 126473                     /usr/lib/libcairo-gobject.so.2.11804.4
7f406b40e000-7f406b410000 r--p 00004000 00:1c 126473                     /usr/lib/libcairo-gobject.so.2.11804.4
7f406b410000-7f406b412000 r--p 00006000 00:1c 126473                     /usr/lib/libcairo-gobject.so.2.11804.4
7f406b412000-7f406b413000 rw-p 00008000 00:1c 126473                     /usr/lib/libcairo-gobject.so.2.11804.4
7f406b413000-7f406b415000 r--p 00000000 00:1c 126943                     /usr/lib/libfribidi.so.0.4.0
7f406b415000-7f406b41a000 r-xp 00002000 00:1c 126943                     /usr/lib/libfribidi.so.0.4.0
7f406b41a000-7f406b431000 r--p 00007000 00:1c 126943                     /usr/lib/libfribidi.so.0.4.0
7f406b431000-7f406b432000 r--p 0001d000 00:1c 126943                     /usr/lib/libfribidi.so.0.4.0
7f406b432000-7f406b433000 rw-p 0001e000 00:1c 126943                     /usr/lib/libfribidi.so.0.4.0
7f406b433000-7f406b434000 r--p 00000000 00:1c 1439819                    /usr/lib/gtk-3.0/modules/libcolorreload-gtk-module.so
7f406b434000-7f406b435000 r-xp 00001000 00:1c 1439819                    /usr/lib/gtk-3.0/modules/libcolorreload-gtk-module.so
7f406b435000-7f406b436000 r--p 00002000 00:1c 1439819                    /usr/lib/gtk-3.0/modules/libcolorreload-gtk-module.so
7f406b436000-7f406b437000 r--p 00002000 00:1c 1439819                    /usr/lib/gtk-3.0/modules/libcolorreload-gtk-module.so
7f406b437000-7f406b438000 rw-p 00003000 00:1c 1439819                    /usr/lib/gtk-3.0/modules/libcolorreload-gtk-module.so
7f406b438000-7f406b439000 r--s 00000000 00:1c 2238161                    /var/lib/flatpak/exports/share/mime/mime.cache
7f406b439000-7f406b43c000 r--s 00000000 00:1c 1301269                    /var/cache/fontconfig/f6b893a7224233d96cb72fd88691c0b4-le64.cache-11
7f406b43c000-7f406b43d000 r--p 00000000 00:1c 2872599                    /home/bryanmax9/.config/dconf/user
7f406b43d000-7f406b43e000 r--s 00000000 00:43 87                         /run/user/1000/dconf/user
7f406b43e000-7f406b442000 r--p 00000000 00:1c 51855                      /usr/lib/gio/modules/libdconfsettings.so
7f406b442000-7f406b448000 r-xp 00004000 00:1c 51855                      /usr/lib/gio/modules/libdconfsettings.so
7f406b448000-7f406b44a000 r--p 0000a000 00:1c 51855                      /usr/lib/gio/modules/libdconfsettings.so
7f406b44a000-7f406b44b000 r--p 0000c000 00:1c 51855                      /usr/lib/gio/modules/libdconfsettings.so
7f406b44b000-7f406b44c000 rw-p 0000d000 00:1c 51855                      /usr/lib/gio/modules/libdconfsettings.so
7f406b44c000-7f406b45a000 r--p 00000000 00:1c 1525454                    /usr/share/glib-2.0/schemas/gschemas.compiled
7f406b45a000-7f406b45e000 r--p 00000000 00:1c 1400634                    /usr/lib/dbeaver/plugins/org.eclipse.equinox.launcher.gtk.linux.x86_64_1.2.1500.v20250801-0854/eclipse_11916.so
7f406b45e000-7f406b468000 r-xp 00004000 00:1c 1400634                    /usr/lib/dbeaver/plugins/org.eclipse.equinox.launcher.gtk.linux.x86_64_1.2.1500.v20250801-0854/eclipse_11916.so
7f406b468000-7f406b46b000 r--p 0000e000 00:1c 1400634                    /usr/lib/dbeaver/plugins/org.eclipse.equinox.launcher.gtk.linux.x86_64_1.2.1500.v20250801-0854/eclipse_11916.so
7f406b46b000-7f406b46c000 r--p 00010000 00:1c 1400634                    /usr/lib/dbeaver/plugins/org.eclipse.equinox.launcher.gtk.linux.x86_64_1.2.1500.v20250801-0854/eclipse_11916.so
7f406b46c000-7f406b46d000 rw-p 00011000 00:1c 1400634                    /usr/lib/dbeaver/plugins/org.eclipse.equinox.launcher.gtk.linux.x86_64_1.2.1500.v20250801-0854/eclipse_11916.so
7f406b46d000-7f406bd04000 rw-p 00000000 00:00 0 
7f406bd04000-7f406bde2000 ---p 00000000 00:00 0 
7f406bde2000-7f406be0a000 rw-p 00000000 00:00 0 
7f406be0a000-7f406becd000 ---p 00000000 00:00 0 
7f406becd000-7f406bedd000 r--p 00000000 00:1c 1282370                    /usr/lib/libm.so.6
7f406bedd000-7f406bf76000 r-xp 00010000 00:1c 1282370                    /usr/lib/libm.so.6
7f406bf76000-7f406bffe000 r--p 000a9000 00:1c 1282370                    /usr/lib/libm.so.6
7f406bffe000-7f406bfff000 r--p 00130000 00:1c 1282370                    /usr/lib/libm.so.6
7f406bfff000-7f406c000000 rw-p 00131000 00:1c 1282370                    /usr/lib/libm.so.6
7f406c000000-7f406c09a000 r--p 00000000 00:1c 1283096                    /usr/lib/libstdc++.so.6.0.35
7f406c09a000-7f406c21d000 r-xp 0009a000 00:1c 1283096                    /usr/lib/libstdc++.so.6.0.35
7f406c21d000-7f406c2bd000 r--p 0021d000 00:1c 1283096                    /usr/lib/libstdc++.so.6.0.35
7f406c2bd000-7f406c2ce000 r--p 002bc000 00:1c 1283096                    /usr/lib/libstdc++.so.6.0.35
7f406c2ce000-7f406c2cf000 rw-p 002cd000 00:1c 1283096                    /usr/lib/libstdc++.so.6.0.35
7f406c2cf000-7f406c2d4000 rw-p 00000000 00:00 0 
7f406c2d4000-7f406c2d5000 rw-p 00000000 00:00 0 
7f406c2d5000-7f406c2d6000 r--p 00000000 00:1c 582193                     /usr/share/locale/en/LC_MESSAGES/gtk30-properties.mo
7f406c2d6000-7f406c2d7000 r--p 00000000 00:1c 1282365                    /usr/lib/libdl.so.2
7f406c2d7000-7f406c2d8000 r-xp 00001000 00:1c 1282365                    /usr/lib/libdl.so.2
7f406c2d8000-7f406c2d9000 r--p 00002000 00:1c 1282365                    /usr/lib/libdl.so.2
7f406c2d9000-7f406c2da000 r--p 00002000 00:1c 1282365                    /usr/lib/libdl.so.2
7f406c2da000-7f406c2db000 rw-p 00003000 00:1c 1282365                    /usr/lib/libdl.so.2
7f406c2db000-7f406c2de000 r--p 00000000 00:1c 1096916                    /usr/lib/jvm/java-21-openjdk/lib/libnet.so
7f406c2de000-7f406c2e6000 r-xp 00003000 00:1c 1096916                    /usr/lib/jvm/java-21-openjdk/lib/libnet.so
7f406c2e6000-7f406c2e8000 r--p 0000b000 00:1c 1096916                    /usr/lib/jvm/java-21-openjdk/lib/libnet.so
7f406c2e8000-7f406c2e9000 r--p 0000c000 00:1c 1096916                    /usr/lib/jvm/java-21-openjdk/lib/libnet.so
7f406c2e9000-7f406c2ea000 rw-p 0000d000 00:1c 1096916                    /usr/lib/jvm/java-21-openjdk/lib/libnet.so
7f406c2ea000-7f406c2f1000 r--p 00000000 00:1c 1096917                    /usr/lib/jvm/java-21-openjdk/lib/libnio.so
7f406c2f1000-7f406c2fa000 r-xp 00007000 00:1c 1096917                    /usr/lib/jvm/java-21-openjdk/lib/libnio.so
7f406c2fa000-7f406c2fe000 r--p 00010000 00:1c 1096917                    /usr/lib/jvm/java-21-openjdk/lib/libnio.so
7f406c2fe000-7f406c2ff000 r--p 00014000 00:1c 1096917                    /usr/lib/jvm/java-21-openjdk/lib/libnio.so
7f406c2ff000-7f406c300000 rw-p 00015000 00:1c 1096917                    /usr/lib/jvm/java-21-openjdk/lib/libnio.so
7f406c300000-7f406c304000 ---p 00000000 00:00 0 
7f406c304000-7f406c400000 rw-p 00000000 00:00 0 
7f406c400000-7f406c410000 r--p 00000000 00:1c 1096938                    /usr/lib/jvm/java-21-openjdk/lib/server/libjvm.so
7f406c410000-7f406d317000 r-xp 00010000 00:1c 1096938                    /usr/lib/jvm/java-21-openjdk/lib/server/libjvm.so
7f406d317000-7f406d5f1000 r--p 00f17000 00:1c 1096938                    /usr/lib/jvm/java-21-openjdk/lib/server/libjvm.so
7f406d5f1000-7f406d6c7000 r--p 011f0000 00:1c 1096938                    /usr/lib/jvm/java-21-openjdk/lib/server/libjvm.so
7f406d6c7000-7f406d6f7000 rw-p 012c6000 00:1c 1096938                    /usr/lib/jvm/java-21-openjdk/lib/server/libjvm.so
7f406d6f7000-7f406d75d000 rw-p 00000000 00:00 0 
7f406d75d000-7f406d75e000 r--p 00000000 00:1c 1282387                    /usr/lib/libpthread.so.0
7f406d75e000-7f406d75f000 r-xp 00001000 00:1c 1282387                    /usr/lib/libpthread.so.0
7f406d75f000-7f406d760000 r--p 00002000 00:1c 1282387                    /usr/lib/libpthread.so.0
7f406d760000-7f406d761000 r--p 00002000 00:1c 1282387                    /usr/lib/libpthread.so.0
7f406d761000-7f406d762000 rw-p 00003000 00:1c 1282387                    /usr/lib/libpthread.so.0
7f406d762000-7f406d800000 rw-p 00000000 00:00 0 
7f406d800000-7f406d824000 r--p 00000000 00:1c 1282360                    /usr/lib/libc.so.6
7f406d824000-7f406d99a000 r-xp 00024000 00:1c 1282360                    /usr/lib/libc.so.6
7f406d99a000-7f406da0f000 r--p 0019a000 00:1c 1282360                    /usr/lib/libc.so.6
7f406da0f000-7f406da13000 r--p 0020e000 00:1c 1282360                    /usr/lib/libc.so.6
7f406da13000-7f406da15000 rw-p 00212000 00:1c 1282360                    /usr/lib/libc.so.6
7f406da15000-7f406da1d000 rw-p 00000000 00:00 0 
7f406da1d000-7f406da1e000 r--p 00000000 00:1c 582194                     /usr/share/locale/en/LC_MESSAGES/gtk30.mo
7f406da1e000-7f406da5f000 rw-p 00000000 00:00 0 
7f406da5f000-7f406da69000 r--p 00000000 00:1c 1096901                    /usr/lib/jvm/java-21-openjdk/lib/libjava.so
7f406da69000-7f406da77000 r-xp 0000a000 00:1c 1096901                    /usr/lib/jvm/java-21-openjdk/lib/libjava.so
7f406da77000-7f406da7c000 r--p 00018000 00:1c 1096901                    /usr/lib/jvm/java-21-openjdk/lib/libjava.so
7f406da7c000-7f406da7d000 r--p 0001d000 00:1c 1096901                    /usr/lib/jvm/java-21-openjdk/lib/libjava.so
7f406da7d000-7f406da7e000 rw-p 0001e000 00:1c 1096901                    /usr/lib/jvm/java-21-openjdk/lib/libjava.so
7f406da7e000-7f406da7f000 rw-p 00000000 00:00 0 
7f406da7f000-7f406da83000 r--p 00000000 00:1c 1283086                    /usr/lib/libgcc_s.so.1
7f406da83000-7f406daa6000 r-xp 00004000 00:1c 1283086                    /usr/lib/libgcc_s.so.1
7f406daa6000-7f406daaa000 r--p 00027000 00:1c 1283086                    /usr/lib/libgcc_s.so.1
7f406daaa000-7f406daab000 r--p 0002b000 00:1c 1283086                    /usr/lib/libgcc_s.so.1
7f406daab000-7f406daac000 rw-p 0002c000 00:1c 1283086                    /usr/lib/libgcc_s.so.1
7f406daac000-7f406daaf000 rw-p 00000000 00:00 0 
7f406daaf000-7f406dab2000 r--p 00000000 00:1c 503986                     /usr/lib/libz.so.1.3.2
7f406dab2000-7f406dac2000 r-xp 00003000 00:1c 503986                     /usr/lib/libz.so.1.3.2
7f406dac2000-7f406dac8000 r--p 00013000 00:1c 503986                     /usr/lib/libz.so.1.3.2
7f406dac8000-7f406dac9000 r--p 00018000 00:1c 503986                     /usr/lib/libz.so.1.3.2
7f406dac9000-7f406daca000 rw-p 00019000 00:1c 503986                     /usr/lib/libz.so.1.3.2
7f406daca000-7f406dacc000 r--p 00000000 00:1c 1096925                    /usr/lib/jvm/java-21-openjdk/lib/libzip.so
7f406dacc000-7f406dad0000 r-xp 00002000 00:1c 1096925                    /usr/lib/jvm/java-21-openjdk/lib/libzip.so
7f406dad0000-7f406dad2000 r--p 00006000 00:1c 1096925                    /usr/lib/jvm/java-21-openjdk/lib/libzip.so
7f406dad2000-7f406dad3000 r--p 00007000 00:1c 1096925                    /usr/lib/jvm/java-21-openjdk/lib/libzip.so
7f406dad3000-7f406dad4000 rw-p 00008000 00:1c 1096925                    /usr/lib/jvm/java-21-openjdk/lib/libzip.so
7f406dad4000-7f406dad9000 rw-p 00000000 00:00 0 
7f406dad9000-7f406dae0000 ---p 00000000 00:00 0 
7f406dae0000-7f406dae8000 rw-s 00000000 00:2b 33311                      /tmp/hsperfdata_bryanmax9/171974
7f406dae8000-7f406dae9000 ---p 00000000 00:00 0 
7f406dae9000-7f406daea000 r--p 00000000 00:00 0 
7f406daea000-7f406daeb000 ---p 00000000 00:00 0 
7f406daeb000-7f406daec000 r--p 00000000 00:1c 1096905                    /usr/lib/jvm/java-21-openjdk/lib/libjimage.so
7f406daec000-7f406daee000 r-xp 00001000 00:1c 1096905                    /usr/lib/jvm/java-21-openjdk/lib/libjimage.so
7f406daee000-7f406daef000 r--p 00003000 00:1c 1096905                    /usr/lib/jvm/java-21-openjdk/lib/libjimage.so
7f406daef000-7f406daf0000 r--p 00004000 00:1c 1096905                    /usr/lib/jvm/java-21-openjdk/lib/libjimage.so
7f406daf0000-7f406daf1000 rw-p 00005000 00:1c 1096905                    /usr/lib/jvm/java-21-openjdk/lib/libjimage.so
7f406daf1000-7f406daf3000 r--p 00000000 00:1c 1096906                    /usr/lib/jvm/java-21-openjdk/lib/libjli.so
7f406daf3000-7f406dafd000 r-xp 00002000 00:1c 1096906                    /usr/lib/jvm/java-21-openjdk/lib/libjli.so
7f406dafd000-7f406db00000 r--p 0000c000 00:1c 1096906                    /usr/lib/jvm/java-21-openjdk/lib/libjli.so
7f406db00000-7f406db01000 r--p 0000f000 00:1c 1096906                    /usr/lib/jvm/java-21-openjdk/lib/libjli.so
7f406db01000-7f406db02000 rw-p 00010000 00:1c 1096906                    /usr/lib/jvm/java-21-openjdk/lib/libjli.so
7f406db02000-7f406db04000 rw-p 00000000 00:00 0 
7f406db04000-7f406db08000 r--p 00000000 00:00 0                          [vvar]
7f406db08000-7f406db0a000 r--p 00000000 00:00 0                          [vvar_vclock]
7f406db0a000-7f406db0c000 r-xp 00000000 00:00 0                          [vdso]
7f406db0c000-7f406db0d000 r--p 00000000 00:1c 1282351                    /usr/lib/ld-linux-x86-64.so.2
7f406db0d000-7f406db37000 r-xp 00001000 00:1c 1282351                    /usr/lib/ld-linux-x86-64.so.2
7f406db37000-7f406db46000 r--p 0002b000 00:1c 1282351                    /usr/lib/ld-linux-x86-64.so.2
7f406db46000-7f406db48000 r--p 00039000 00:1c 1282351                    /usr/lib/ld-linux-x86-64.so.2
7f406db48000-7f406db49000 rw-p 0003b000 00:1c 1282351                    /usr/lib/ld-linux-x86-64.so.2
7f406db49000-7f406db4a000 rw-p 00000000 00:00 0 
7fffdd8fd000-7fffdd91f000 rw-p 00000000 00:00 0                          [stack]
ffffffffff600000-ffffffffff601000 --xp 00000000 00:00 0                  [vsyscall]
Total number of mappings: 899

JVMTI agents: none


VM Arguments:
jvm_args: -XX:+IgnoreUnrecognizedVMOptions -Dosgi.requiredJavaVersion=21 -Dfile.encoding=UTF-8 --add-modules=ALL-DEFAULT --add-opens=java.base/java.io=ALL-UNNAMED --add-opens=java.base/java.lang=ALL-UNNAMED --add-opens=java.base/java.lang.reflect=ALL-UNNAMED --add-opens=java.base/java.net=ALL-UNNAMED --add-opens=java.base/java.nio=ALL-UNNAMED --add-opens=java.base/java.nio.charset=ALL-UNNAMED --add-opens=java.base/java.text=ALL-UNNAMED --add-opens=java.base/java.time=ALL-UNNAMED --add-opens=java.base/java.util=ALL-UNNAMED --add-opens=java.base/java.util.concurrent=ALL-UNNAMED --add-opens=java.base/java.util.concurrent.atomic=ALL-UNNAMED --add-opens=java.base/jdk.internal.vm=ALL-UNNAMED --add-opens=java.base/jdk.internal.misc=ALL-UNNAMED --add-opens=java.base/sun.nio.ch=ALL-UNNAMED --add-opens=java.base/sun.nio.fs=ALL-UNNAMED --add-opens=java.base/sun.security.ssl=ALL-UNNAMED --add-opens=java.base/sun.security.action=ALL-UNNAMED --add-opens=java.base/sun.security.util=ALL-UNNAMED --add-opens=java.security.jgss/sun.security.jgss=ALL-UNNAMED --add-opens=java.security.jgss/sun.security.krb5=ALL-UNNAMED --add-opens=java.desktop/java.awt=ALL-UNNAMED --add-opens=java.desktop/java.awt.peer=ALL-UNNAMED --add-opens=java.sql/java.sql=ALL-UNNAMED -Xms64m -Xmx1024m 
java_command: /usr/lib/dbeaver//plugins/org.eclipse.equinox.launcher_1.7.100.v20251111-0406.jar -os linux -ws gtk -arch x86_64 -showsplash -launcher /usr/lib/dbeaver/dbeaver -name Dbeaver --launcher.library /usr/lib/dbeaver//plugins/org.eclipse.equinox.launcher.gtk.linux.x86_64_1.2.1500.v20250801-0854/eclipse_11916.so -startup /usr/lib/dbeaver//plugins/org.eclipse.equinox.launcher_1.7.100.v20251111-0406.jar --launcher.overrideVmargs -exitdata 18014 /home/bryanmax9/Desktop/Private-Dining-Finder-Challenge/supabase/migrations/0001_init.sql -vm /usr/bin/java -vmargs -XX:+IgnoreUnrecognizedVMOptions -Dosgi.requiredJavaVersion=21 -Dfile.encoding=UTF-8 --add-modules=ALL-DEFAULT --add-opens=java.base/java.io=ALL-UNNAMED --add-opens=java.base/java.lang=ALL-UNNAMED --add-opens=java.base/java.lang.reflect=ALL-UNNAMED --add-opens=java.base/java.net=ALL-UNNAMED --add-opens=java.base/java.nio=ALL-UNNAMED --add-opens=java.base/java.nio.charset=ALL-UNNAMED --add-opens=java.base/java.text=ALL-UNNAMED --add-opens=java.base/java.time=ALL-UNNAMED --add-opens=java.base/java.util=ALL-UNNAMED --add-opens=java.base/java.util.concurrent=ALL-UNNAMED --add-opens=java.base/java.util.concurrent.atomic=ALL-UNNAMED --add-opens=java.base/jdk.internal.vm=ALL-UNNAMED --add-opens=java.base/jdk.internal.misc=ALL-UNNAMED --add-opens=java.base/sun.nio.ch=ALL-UNNAMED --add-opens=java.base/sun.nio.fs=ALL-UNNAMED --add-opens=java.base/sun.security.ssl=ALL-UNNAMED --add-opens=java.base/sun.security.action=ALL-UNNAMED --add-opens=java.base/sun.security.util=ALL-UNNAMED --add-opens=java.security.jgss/sun.security.jgss=ALL-UNNAMED --add-opens=java.security.jgss/sun.security.krb5=ALL-UNNAMED --add-opens=java.desktop/java.awt=ALL-UNNAMED --add-opens=java.desktop/java.awt.peer=ALL-UNNAMED --add-opens=java.sql/java.sql=ALL-UNNAMED -Xms64m -Xmx1024m -jar /usr/lib/dbeaver//plugins/org.eclipse.equinox.launcher_1.7.100.v20251111-0406.jar
java_class_path (initial): /usr/lib/dbeaver//plugins/org.eclipse.equinox.launcher_1.7.100.v20251111-0406.jar
Launcher Type: SUN_STANDARD

[Global flags]
     intx CICompilerCount                          = 4                                         {product} {ergonomic}
     uint ConcGCThreads                            = 2                                         {product} {ergonomic}
     uint G1ConcRefinementThreads                  = 8                                         {product} {ergonomic}
   size_t G1HeapRegionSize                         = 1048576                                   {product} {ergonomic}
    uintx GCDrainStackTargetSize                   = 64                                        {product} {ergonomic}
     bool IgnoreUnrecognizedVMOptions              = true                                      {product} {command line}
   size_t InitialHeapSize                          = 67108864                                  {product} {command line}
   size_t MarkStackSize                            = 4194304                                   {product} {ergonomic}
   size_t MaxHeapSize                              = 1073741824                                {product} {command line}
   size_t MaxNewSize                               = 643825664                                 {product} {ergonomic}
   size_t MinHeapDeltaBytes                        = 1048576                                   {product} {ergonomic}
   size_t MinHeapSize                              = 67108864                                  {product} {command line}
    uintx NonNMethodCodeHeapSize                   = 5839372                                {pd product} {ergonomic}
    uintx NonProfiledCodeHeapSize                  = 122909434                              {pd product} {ergonomic}
    uintx ProfiledCodeHeapSize                     = 122909434                              {pd product} {ergonomic}
    uintx ReservedCodeCacheSize                    = 251658240                              {pd product} {ergonomic}
     bool SegmentedCodeCache                       = true                                      {product} {ergonomic}
   size_t SoftMaxHeapSize                          = 1073741824                             {manageable} {ergonomic}
     bool UseCompressedOops                        = true                           {product lp64_product} {ergonomic}
     bool UseG1GC                                  = true                                      {product} {ergonomic}

Logging:
Log output configuration:
 #0: stdout all=warning uptime,level,tags foldmultilines=false
 #1: stderr all=off uptime,level,tags foldmultilines=false

Release file:
IMPLEMENTOR="Arch Linux"
JAVA_RUNTIME_VERSION="21.0.11+10"
JAVA_VERSION="21.0.11"
JAVA_VERSION_DATE="2026-04-21"
LIBC="gnu"
MODULES="java.base java.compiler java.datatransfer java.xml java.prefs java.desktop java.instrument java.logging java.management java.security.sasl java.naming java.rmi java.management.rmi java.net.http java.scripting java.security.jgss java.transaction.xa java.sql java.sql.rowset java.xml.crypto java.se java.smartcardio jdk.accessibility jdk.internal.jvmstat jdk.attach jdk.charsets jdk.internal.opt jdk.zipfs jdk.compiler jdk.crypto.ec jdk.crypto.cryptoki jdk.dynalink jdk.internal.ed jdk.editpad jdk.hotspot.agent jdk.httpserver jdk.incubator.vector jdk.internal.le jdk.internal.vm.ci jdk.internal.vm.compiler jdk.internal.vm.compiler.management jdk.jartool jdk.javadoc jdk.jcmd jdk.management jdk.management.agent jdk.jconsole jdk.jdeps jdk.jdwp.agent jdk.jdi jdk.jfr jdk.jlink jdk.jpackage jdk.jshell jdk.jsobject jdk.jstatd jdk.localedata jdk.management.jfr jdk.naming.dns jdk.naming.rmi jdk.net jdk.nio.mapmode jdk.random jdk.sctp jdk.security.auth jdk.security.jgss jdk.unsupported jdk.unsupported.desktop jdk.xml.dom"
OS_ARCH="x86_64"
OS_NAME="Linux"
SOURCE=""

Environment Variables:
PATH=/usr/local/sbin:/usr/local/bin:/usr/bin:/var/lib/flatpak/exports/bin:/usr/lib/jvm/default/bin:/usr/bin/site_perl:/usr/bin/vendor_perl:/usr/bin/core_perl:/usr/lib/rustup/bin
SHELL=/usr/bin/bash
DISPLAY=:1
WAYLAND_DISPLAY=wayland-0
LANG=en_US.UTF-8

Active Locale:
LC_ALL=en_US.UTF-8
LC_COLLATE=en_US.UTF-8
LC_CTYPE=en_US.UTF-8
LC_MESSAGES=en_US.UTF-8
LC_MONETARY=en_US.UTF-8
LC_NUMERIC=en_US.UTF-8
LC_TIME=en_US.UTF-8

Signal Handlers:
   SIGSEGV: 0x00007f406d20e240 in libjvm.so+14737984, mask=11100100010111111101111111111110, flags=SA_RESTART|SA_SIGINFO, unblocked
    SIGBUS: 0x00007f406d20e240 in libjvm.so+14737984, mask=11100100010111111101111111111110, flags=SA_RESTART|SA_SIGINFO, unblocked
    SIGFPE: 0x00007f406d20e240 in libjvm.so+14737984, mask=11100100010111111101111111111110, flags=SA_RESTART|SA_SIGINFO, unblocked
   SIGPIPE: SIG_IGN, mask=00000000000010000000000000000000, flags=SA_RESTART, blocked
  *** Handler was modified!
  *** Expected: 0x00007f406d067700 in libjvm.so+13006592, mask=11100100110111111111111111111110, flags=SA_RESTART|SA_SIGINFO
   SIGXFSZ: 0x00007f406d067700 in libjvm.so+13006592, mask=11100100010111111101111111111110, flags=SA_RESTART|SA_SIGINFO, blocked
    SIGILL: 0x00007f406d20e240 in libjvm.so+14737984, mask=11100100010111111101111111111110, flags=SA_RESTART|SA_SIGINFO, unblocked
   SIGUSR2: 0x00007f406d069020 in libjvm.so+13013024, mask=00000000000000000000000000000000, flags=SA_RESTART|SA_SIGINFO, blocked
    SIGHUP: 0x00007f406d066a60 in libjvm.so+13003360, mask=11100100010111111101111111111110, flags=SA_RESTART|SA_SIGINFO, blocked
    SIGINT: 0x00007f406d066a60 in libjvm.so+13003360, mask=11100100010111111101111111111110, flags=SA_RESTART|SA_SIGINFO, blocked
   SIGTERM: 0x00007f406d066a60 in libjvm.so+13003360, mask=11100100010111111101111111111110, flags=SA_RESTART|SA_SIGINFO, blocked
   SIGQUIT: 0x00007f406d066a60 in libjvm.so+13003360, mask=11100100010111111101111111111110, flags=SA_RESTART|SA_SIGINFO, blocked
   SIGTRAP: 0x00007f406d20e240 in libjvm.so+14737984, mask=11100100010111111101111111111110, flags=SA_RESTART|SA_SIGINFO, unblocked


Periodic native trim disabled

---------------  S Y S T E M  ---------------

OS:
NAME="Arch Linux"
PRETTY_NAME="Arch Linux"
ID=arch
BUILD_ID=rolling
ANSI_COLOR="38;2;23;147;209"
HOME_URL="https://archlinux.org/"
DOCUMENTATION_URL="https://wiki.archlinux.org/"
SUPPORT_URL="https://bbs.archlinux.org/"
BUG_REPORT_URL="https://gitlab.archlinux.org/groups/archlinux/-/issues"
PRIVACY_POLICY_URL="https://terms.archlinux.org/docs/privacy-policy/"
LOGO=archlinux-logo
uname: Linux 7.0.12-arch1-1 #1 SMP PREEMPT_DYNAMIC Wed, 10 Jun 2026 08:58:02 +0000 x86_64
OS uptime: 0 days 6:18 hours
libc: glibc 2.43 NPTL 2.43 
rlimit (soft/hard): STACK 8192k/infinity , CORE infinity/infinity , NPROC 46539/46539 , NOFILE 524288/524288 , AS infinity/infinity , CPU infinity/infinity , DATA infinity/infinity , FSIZE infinity/infinity , MEMLOCK 8192k/8192k
load average: 1.80 0.92 0.89

/proc/meminfo:
MemTotal:       11954380 kB
MemFree:          629428 kB
MemAvailable:    5188848 kB
Buffers:              24 kB
Cached:          5525560 kB
SwapCached:         3880 kB
Active:          4030624 kB
Inactive:        5724612 kB
Active(anon):    2803952 kB
Inactive(anon):  2314668 kB
Active(file):    1226672 kB
Inactive(file):  3409944 kB
Unevictable:       51636 kB
Mlocked:             108 kB
SwapTotal:       5978108 kB
SwapFree:        4200716 kB
Zswap:                 0 kB
Zswapped:              0 kB
Dirty:              5280 kB
Writeback:             0 kB
AnonPages:       4152064 kB
Mapped:          1687176 kB
Shmem:            888888 kB
KReclaimable:     537368 kB
Slab:             799920 kB
SReclaimable:     537368 kB
SUnreclaim:       262552 kB
KernelStack:       30336 kB
PageTables:        94460 kB
SecPageTables:      2056 kB
NFS_Unstable:          0 kB
Bounce:                0 kB
WritebackTmp:          0 kB
CommitLimit:    11955296 kB
Committed_AS:   21148912 kB
VmallocTotal:   34359738367 kB
VmallocUsed:       99244 kB
VmallocChunk:          0 kB
Percpu:             5952 kB
HardwareCorrupted:     0 kB
AnonHugePages:    342016 kB
ShmemHugePages:   274432 kB
ShmemPmdMapped:    51200 kB
FileHugePages:     94208 kB
FilePmdMapped:     94208 kB
CmaTotal:              0 kB
CmaFree:               0 kB
Unaccepted:            0 kB
Balloon:               0 kB
HugePages_Total:       0
HugePages_Free:        0
HugePages_Rsvd:        0
HugePages_Surp:        0
Hugepagesize:       2048 kB
Hugetlb:               0 kB
DirectMap4k:      223868 kB
DirectMap2M:     5781504 kB
DirectMap1G:     7340032 kB

/sys/kernel/mm/transparent_hugepage/enabled: [always] madvise never
/sys/kernel/mm/transparent_hugepage/hpage_pmd_size: 2097152
/sys/kernel/mm/transparent_hugepage/defrag (defrag/compaction efforts parameter): always defer defer+madvise [madvise] never

Process Memory:
Virtual Size: 7126288K (peak: 7138152K)
Resident Set Size: 480888K (peak: 486260K) (anon: 407164K, file: 64476K, shmem: 9248K)
Swapped out: 0K
C-Heap outstanding allocations: 109264K, retained: 64423K
glibc malloc tunables: (default)

/proc/sys/kernel/threads-max (system-wide limit on the number of threads): 93078
/proc/sys/vm/max_map_count (maximum number of memory map areas a process may have): 1048576
/proc/sys/vm/swappiness (control to define how aggressively the kernel swaps out anonymous memory): 60
/proc/sys/kernel/pid_max (system-wide limit on number of process identifiers): 4194304

container information not found.
Steal ticks since vm start: 0
Steal ticks percentage since vm start:  0.000

CPU: total 8 (initial active 8) (4 cores per cpu, 2 threads per core) family 6 model 142 stepping 12 microcode 0x100, cx8, cmov, fxsr, ht, mmx, 3dnowpref, sse, sse2, sse3, ssse3, sse4.1, sse4.2, popcnt, lzcnt, tsc, tscinvbit, avx, avx2, aes, erms, clmul, bmi1, bmi2, adx, fma, vzeroupper, clflush, clflushopt, rdtscp, f16c
CPU Model and flags from /proc/cpuinfo:
model name	: Intel(R) Core(TM) i7-8565U CPU @ 1.80GHz
flags		: fpu vme de pse tsc msr pae mce cx8 apic sep mtrr pge mca cmov pat pse36 clflush dts acpi mmx fxsr sse sse2 ss ht tm pbe syscall nx pdpe1gb rdtscp lm constant_tsc art arch_perfmon pebs bts rep_good nopl xtopology nonstop_tsc cpuid aperfmperf pni pclmulqdq dtes64 monitor ds_cpl vmx est tm2 ssse3 sdbg fma cx16 xtpr pdcm pcid sse4_1 sse4_2 x2apic movbe popcnt tsc_deadline_timer aes xsave avx f16c rdrand lahf_lm abm 3dnowprefetch cpuid_fault epb ssbd ibrs ibpb stibp ibrs_enhanced tpr_shadow flexpriority ept vpid ept_ad fsgsbase tsc_adjust sgx bmi1 avx2 smep bmi2 erms invpcid mpx rdseed adx smap clflushopt intel_pt xsaveopt xsavec xgetbv1 xsaves dtherm ida arat pln pts hwp hwp_notify hwp_act_window hwp_epp vnmi md_clear flush_l1d arch_capabilities

Online cpus: 0-7
Offline cpus: 
BIOS frequency limitation: <Not Available>
Frequency switch latency (ns): 0
Available cpu frequencies: <Not Available>
Current governor: powersave
Core performance/turbo boost: <Not Available>

Memory: 4k page, physical 11954380k(5188848k free), swap 5978108k(4200716k free)
Page Sizes: 4k

vm_info: OpenJDK 64-Bit Server VM (21.0.11+10) for linux-amd64 JRE (21.0.11+10), built on 2026-04-21T21:02:55Z by "builduser" with gcc 15.2.1 20260209

END.
